code,date,open,close,high,low,volume,money
000300.XSHG,2017-07-10,3647.94,3653.69,3667.85,3641.53,12059191000.0,141034626508.0
000300.XSHG,2017-07-11,3646.88,3670.81,3701.21,3645.99,11876082600.0,145084363277.0
000300.XSHG,2017-07-12,3672.63,3658.82,3691.58,3640.59,12228779200.0,143494599072.0
000300.XSHG,2017-07-13,3656.35,3686.92,3690.48,3652.57,12566954900.0,146388679598.0
000300.XSHG,2017-07-14,3682.62,3703.09,3703.09,3672.74,10551400500.0,121021448889.0
000300.XSHG,2017-07-17,3700.62,3663.56,3716.47,3621.37,17882160000.0,196217253798.0
000300.XSHG,2017-07-18,3648.49,3667.18,3667.54,3622.04,12462205600.0,141472283974.0
000300.XSHG,2017-07-19,3660.87,3729.75,3731.05,3658.2,18247778700.0,198392451748.0
000300.XSHG,2017-07-20,3725.14,3747.88,3750.19,3723.07,14241003900.0,169267149940.0
000300.XSHG,2017-07-21,3738.18,3728.6,3751.69,3722.07,11794122600.0,141432632987.0
000300.XSHG,2017-07-24,3724.38,3743.47,3755.19,3719.85,13486872200.0,154701874682.0
000300.XSHG,2017-07-25,3742.64,3719.56,3752.16,3713.28,12167205900.0,133531656186.0
000300.XSHG,2017-07-26,3722.88,3705.39,3738.53,3684.18,13632521000.0,146518004915.0
000300.XSHG,2017-07-27,3700.86,3712.19,3716.69,3672.5,14500290400.0,161631225346.0
000300.XSHG,2017-07-28,3703.49,3721.89,3725.54,3696.78,11141139200.0,125817861948.0
000300.XSHG,2017-07-31,3722.43,3737.87,3746.52,3713.66,14842903900.0,160890133166.0
000300.XSHG,2017-08-01,3738.74,3770.38,3770.4,3737.1,15254653900.0,173127578959.0
000300.XSHG,2017-08-02,3768.19,3760.85,3784.35,3759.28,17229338300.0,189336782813.0
000300.XSHG,2017-08-03,3755.11,3727.83,3766.35,3718.44,14615394400.0,164710461600.0
000300.XSHG,2017-08-04,3724.72,3707.58,3738.73,3707.0,15747006000.0,168292664589.0
000300.XSHG,2017-08-07,3701.22,3726.79,3730.78,3689.96,12423153000.0,134348537498.0
000300.XSHG,2017-08-08,3724.33,3732.21,3737.33,3718.81,13724192800.0,146481868919.0
000300.XSHG,2017-08-09,3728.03,3731.04,3739.0,3713.57,12467998900.0,137223598286.0
000300.XSHG,2017-08-10,3724.96,3715.92,3746.86,3688.18,13008512800.0,148005169417.0
000300.XSHG,2017-08-11,3687.93,3647.35,3700.49,3645.09,15038742100.0,161083470412.0
000300.XSHG,2017-08-14,3651.38,3694.68,3698.37,3651.38,11530845100.0,140233894117.0
000300.XSHG,2017-08-15,3695.78,3706.06,3719.29,3692.28,10644485700.0,124790630952.0
000300.XSHG,2017-08-16,3701.13,3701.42,3707.14,3679.73,10413414100.0,127282165884.0
000300.XSHG,2017-08-17,3707.07,3721.28,3722.62,3704.41,10865625100.0,137020002920.0
000300.XSHG,2017-08-18,3707.19,3724.67,3733.49,3700.41,9656170500.0,123078163944.0
000300.XSHG,2017-08-21,3731.84,3740.99,3744.26,3728.62,10031307300.0,123911716276.0
000300.XSHG,2017-08-22,3745.75,3752.3,3758.29,3734.56,10029285600.0,131131078398.0
000300.XSHG,2017-08-23,3747.61,3756.09,3772.46,3741.72,10496157300.0,124081155710.0
000300.XSHG,2017-08-24,3755.89,3734.65,3765.71,3729.09,8994737200.0,107736019091.0
000300.XSHG,2017-08-25,3736.29,3795.75,3795.97,3736.29,12994090000.0,150697083062.0
000300.XSHG,2017-08-28,3805.66,3842.71,3866.94,3805.66,18557632500.0,236446280855.0
000300.XSHG,2017-08-29,3839.18,3834.54,3847.93,3825.76,12822707000.0,158978683685.0
000300.XSHG,2017-08-30,3834.27,3834.3,3854.71,3827.86,14135285700.0,166235122004.0
000300.XSHG,2017-08-31,3835.84,3822.09,3840.2,3800.89,13294493500.0,157079216083.0
000300.XSHG,2017-09-01,3825.34,3830.54,3843.62,3818.16,15864551100.0,182770431967.0
000300.XSHG,2017-09-04,3828.54,3845.62,3847.09,3813.55,14956632000.0,175551068278.0
000300.XSHG,2017-09-05,3845.55,3857.05,3865.29,3841.95,12496415500.0,145779755314.0
000300.XSHG,2017-09-06,3846.75,3849.45,3858.25,3831.38,13139872300.0,155883314756.0
000300.XSHG,2017-09-07,3851.69,3829.87,3858.16,3828.84,12388418100.0,156113397125.0
000300.XSHG,2017-09-08,3830.07,3825.99,3843.02,3813.98,10603650400.0,134958583983.0
000300.XSHG,2017-09-11,3828.34,3825.65,3850.74,3817.51,12388399700.0,154793900773.1
000300.XSHG,2017-09-12,3832.24,3837.93,3849.39,3822.0,14419024200.0,187605312030.0
000300.XSHG,2017-09-13,3835.55,3842.61,3847.78,3822.94,9541078500.0,126254360933.0
000300.XSHG,2017-09-14,3843.57,3829.96,3854.49,3820.09,11535858300.0,143111639152.0
000300.XSHG,2017-09-15,3826.14,3831.3,3843.3,3818.52,12242700600.0,153477215180.0
000300.XSHG,2017-09-18,3832.96,3843.14,3862.36,3832.96,11793440500.0,152841028494.0
000300.XSHG,2017-09-19,3849.88,3832.12,3857.3,3820.29,11243298700.0,145528457523.0
000300.XSHG,2017-09-20,3830.15,3842.44,3850.94,3827.89,10112954200.0,135041882371.0
000300.XSHG,2017-09-21,3843.26,3837.82,3860.8,3837.38,11109819200.0,144132893229.0
000300.XSHG,2017-09-22,3826.46,3837.73,3842.25,3816.82,10061980200.0,128360894859.0
000300.XSHG,2017-09-25,3829.22,3817.79,3835.39,3811.12,10394897600.0,135980239129.0
000300.XSHG,2017-09-26,3810.33,3820.78,3821.69,3808.38,8186940700.0,101036334815.0
000300.XSHG,2017-09-27,3818.96,3821.2,3832.57,3818.81,8565581100.0,109299492247.0
000300.XSHG,2017-09-28,3821.59,3822.54,3827.33,3813.75,9354406900.0,115646338522.0
000300.XSHG,2017-09-29,3825.2,3836.5,3852.22,3825.2,9330602800.0,116056776566.0
000300.XSHG,2017-10-09,3910.11,3882.21,3918.84,3876.03,13553585100.0,171941460832.0
000300.XSHG,2017-10-10,3883.0,3889.86,3900.74,3855.47,11253258600.0,157979737603.0
000300.XSHG,2017-10-11,3886.82,3902.69,3913.07,3885.5,10441815100.0,144152740056.0
000300.XSHG,2017-10-12,3902.02,3912.95,3917.44,3897.55,9434092100.0,123147248618.0
000300.XSHG,2017-10-13,3912.97,3921.0,3927.17,3908.89,9014206800.0,114314854703.0
000300.XSHG,2017-10-16,3926.28,3913.45,3947.42,3913.32,12135503300.0,150823756592.0
000300.XSHG,2017-10-17,3910.79,3913.07,3924.61,3900.48,8224122700.0,106708451684.0
000300.XSHG,2017-10-18,3914.82,3944.16,3944.41,3914.82,10096984100.0,126420379660.0
000300.XSHG,2017-10-19,3940.58,3931.25,3944.03,3923.65,10652725200.0,133189855169.0
000300.XSHG,2017-10-20,3918.53,3926.85,3928.96,3910.2,7298018000.0,94529636639.0
000300.XSHG,2017-10-23,3930.89,3930.8,3936.27,3920.66,8148498000.0,100280911371.0
000300.XSHG,2017-10-24,3926.23,3959.4,3959.5,3922.03,9305815400.0,120192150584.0
000300.XSHG,2017-10-25,3958.17,3976.95,3978.09,3954.0,8820545800.0,106820309535.0
000300.XSHG,2017-10-26,3980.05,3993.58,4013.6,3973.55,12989546500.0,170488618587.0
000300.XSHG,2017-10-27,3992.55,4021.97,4024.46,3991.35,12667284600.0,152974831071.0
000300.XSHG,2017-10-30,4022.16,4009.72,4033.34,3960.27,15738760300.0,193489838439.0
000300.XSHG,2017-10-31,3995.39,4006.72,4009.28,3983.26,10917877900.0,142897206949.0
000300.XSHG,2017-11-01,4007.91,3996.62,4032.46,3991.32,13041738000.0,166477138571.0
000300.XSHG,2017-11-02,3994.09,3997.13,3999.23,3971.38,12610057900.0,151981363640.0
000300.XSHG,2017-11-03,3992.35,3992.7,3999.34,3963.03,12940443900.0,158142056585.0
000300.XSHG,2017-11-06,3989.18,4020.89,4021.64,3975.41,12208115900.0,158911861111.0
000300.XSHG,2017-11-07,4022.4,4054.25,4064.22,4021.36,15211666300.0,193990974032.0
000300.XSHG,2017-11-08,4051.49,4048.01,4089.15,4040.58,15082771900.0,200949740671.0
000300.XSHG,2017-11-09,4043.07,4075.9,4076.61,4038.4,12105633500.0,159247198176.0
000300.XSHG,2017-11-10,4070.28,4111.91,4116.71,4067.66,14181716500.0,198869833811.0
000300.XSHG,2017-11-13,4115.55,4128.07,4137.65,4115.55,15144630900.0,205930794541.0
000300.XSHG,2017-11-14,4129.27,4099.35,4133.55,4086.89,14323693600.0,199605009025.0
000300.XSHG,2017-11-15,4084.21,4073.67,4102.81,4055.72,12063569600.0,177753075436.0
000300.XSHG,2017-11-16,4063.49,4105.01,4107.62,4062.27,12138441400.0,172903880580.0
000300.XSHG,2017-11-17,4094.08,4120.85,4122.38,4081.37,19178411900.0,253079314045.0
000300.XSHG,2017-11-20,4093.73,4143.83,4144.51,4060.96,13744725800.0,191589637482.0
000300.XSHG,2017-11-21,4131.85,4217.7,4220.26,4129.98,18035082100.0,253302199628.0
000300.XSHG,2017-11-22,4228.37,4227.57,4260.64,4191.15,18647700300.0,254298361690.0
000300.XSHG,2017-11-23,4213.38,4102.4,4214.19,4086.9,17814722800.0,237536704704.0
000300.XSHG,2017-11-24,4089.47,4104.2,4116.59,4057.49,13085804000.0,182912191367.0
000300.XSHG,2017-11-27,4088.93,4049.95,4088.93,4037.15,14345526800.0,183004551223.0
000300.XSHG,2017-11-28,4034.21,4055.82,4056.48,4010.3,10205809500.0,135539647289.0
000300.XSHG,2017-11-29,4061.35,4053.75,4069.24,4004.69,12455364200.0,165743341284.0
000300.XSHG,2017-11-30,4034.01,4006.1,4052.8,3988.0,10798334500.0,145829948321.0
000300.XSHG,2017-12-01,4003.56,3998.14,4027.11,3984.38,9738691300.0,136010927567.0
000300.XSHG,2017-12-04,3989.05,4018.86,4032.99,3982.32,10264721900.0,138223055525.0
000300.XSHG,2017-12-05,4007.94,4040.17,4045.93,4006.54,15408707600.0,196337660259.0
000300.XSHG,2017-12-06,4027.12,4015.82,4031.75,3964.81,10928620500.0,144114954180.0
000300.XSHG,2017-12-07,4003.58,3971.06,4017.95,3955.99,9025404500.0,119651201504.0
000300.XSHG,2017-12-08,3962.83,4003.38,4014.14,3955.44,8928286100.0,124371230332.0
000300.XSHG,2017-12-11,4006.88,4069.5,4069.5,4005.27,9714894600.0,148476588469.0
000300.XSHG,2017-12-12,4068.51,4016.02,4070.15,4015.45,8433871800.0,123515183182.0
000300.XSHG,2017-12-13,4013.83,4050.09,4052.69,4004.74,7754613100.0,115006383360.0
000300.XSHG,2017-12-14,4050.9,4026.15,4057.62,4013.85,8076886200.0,115086944924.0
000300.XSHG,2017-12-15,4018.73,3980.86,4020.27,3974.93,8904438900.0,118474144231.0
000300.XSHG,2017-12-18,3983.3,3985.29,4008.07,3967.93,7785337500.0,111724349856.0
000300.XSHG,2017-12-19,3985.82,4035.33,4035.63,3985.82,7752898500.0,115998204342.0
000300.XSHG,2017-12-20,4036.02,4030.49,4044.85,4015.63,9060450300.0,126812878124.0
000300.XSHG,2017-12-21,4023.08,4067.85,4080.78,4014.65,9683608900.0,137819520871.0
000300.XSHG,2017-12-22,4064.91,4054.6,4076.8,4048.49,7347368400.0,104426496022.0
000300.XSHG,2017-12-25,4057.42,4041.54,4086.93,4026.45,9192696200.0,129938839152.0
000300.XSHG,2017-12-26,4040.62,4053.62,4056.86,4015.3,9111879000.0,119725100617.0
000300.XSHG,2017-12-27,4045.28,3991.21,4047.74,3986.74,10515357700.0,140516907102.0
000300.XSHG,2017-12-28,3993.0,4018.9,4036.7,3980.24,11854288600.0,153636695762.0
000300.XSHG,2017-12-29,4022.88,4030.85,4043.14,4012.87,9048668300.0,121257038529.0
000300.XSHG,2018-01-02,4045.21,4087.4,4087.78,4045.21,14693543500.0,178402032875.0
000300.XSHG,2018-01-03,4091.46,4111.39,4140.05,4088.73,15185221800.0,205726889556.0
000300.XSHG,2018-01-04,4114.12,4128.81,4137.64,4105.89,13454379400.0,174523556133.0
000300.XSHG,2018-01-05,4133.34,4138.75,4151.28,4123.28,14900987200.0,185206293226.0
000300.XSHG,2018-01-08,4140.85,4160.16,4166.32,4127.31,17387766600.0,226403872932.0
000300.XSHG,2018-01-09,4157.54,4189.3,4191.28,4153.5,13903429400.0,181975079758.0
000300.XSHG,2018-01-10,4187.2,4207.81,4211.05,4175.14,15112166600.0,194850253886.0
000300.XSHG,2018-01-11,4197.11,4205.59,4211.8,4181.96,12157853900.0,170407305946.0
000300.XSHG,2018-01-12,4205.14,4225.0,4227.39,4199.03,11135479400.0,157606210635.0
000300.XSHG,2018-01-15,4229.84,4225.24,4262.93,4216.36,17090789700.0,234986586088.0
000300.XSHG,2018-01-16,4215.62,4258.47,4260.21,4213.13,16149496300.0,228271224756.0
000300.XSHG,2018-01-17,4261.78,4248.12,4283.34,4230.54,21431103200.0,284554359815.0
000300.XSHG,2018-01-18,4259.38,4271.42,4292.64,4246.68,17203284600.0,225289688909.0
000300.XSHG,2018-01-19,4281.94,4285.4,4316.57,4269.62,20949057000.0,258554725360.0
000300.XSHG,2018-01-22,4276.48,4336.6,4338.48,4275.9,17464319500.0,233960223311.0
000300.XSHG,2018-01-23,4346.89,4382.61,4383.57,4346.79,20186758500.0,257113359897.0
000300.XSHG,2018-01-24,4389.45,4389.89,4397.82,4349.09,21981888900.0,284470809530.0
000300.XSHG,2018-01-25,4381.98,4365.08,4392.2,4336.24,19537495000.0,250308091870.0
000300.XSHG,2018-01-26,4352.22,4381.3,4403.34,4351.49,17722723700.0,223331309122.0
000300.XSHG,2018-01-29,4387.06,4302.02,4395.91,4287.11,19110035400.0,256176323789.0
000300.XSHG,2018-01-30,4286.68,4256.1,4308.51,4251.57,13903473000.0,186650566155.0
000300.XSHG,2018-01-31,4234.11,4275.9,4287.86,4232.77,14521016400.0,194401798025.0
000300.XSHG,2018-02-01,4276.34,4245.9,4287.39,4214.29,19000293400.0,239230298933.0
000300.XSHG,2018-02-02,4213.94,4271.23,4271.76,4181.78,14606682700.0,191169867288.0
000300.XSHG,2018-02-05,4204.46,4274.15,4274.15,4200.14,16134779900.0,217360144504.0
000300.XSHG,2018-02-06,4182.33,4148.89,4211.52,4131.56,21491045000.0,279415083155.0
000300.XSHG,2018-02-07,4205.74,4050.5,4212.57,4048.42,20312749300.0,261507027391.0
000300.XSHG,2018-02-08,4022.88,4012.05,4071.67,3974.68,15926998500.0,199061771955.0
000300.XSHG,2018-02-09,3896.17,3840.65,3911.29,3759.15,20634982800.0,246774828431.0
000300.XSHG,2018-02-12,3846.27,3890.1,3907.84,3828.07,11618263700.0,149858043556.0
000300.XSHG,2018-02-13,3925.6,3935.63,3986.98,3925.6,11256588500.0,144479354377.0
000300.XSHG,2018-02-14,3945.09,3966.96,3971.4,3923.13,7108133800.0,93110201390.0
000300.XSHG,2018-02-22,4020.97,4052.73,4058.79,4009.92,10581157100.0,138334361735.0
000300.XSHG,2018-02-23,4061.75,4071.09,4085.2,4035.23,9945874600.0,128195835194.0
000300.XSHG,2018-02-26,4093.4,4118.42,4128.74,4048.98,13788100100.0,179013093605.0
000300.XSHG,2018-02-27,4120.87,4058.98,4120.87,4051.81,12593447000.0,169684900954.0
000300.XSHG,2018-02-28,4016.79,4023.64,4051.71,3991.71,10934359300.0,152493909262.0
000300.XSHG,2018-03-01,3994.87,4049.09,4061.03,3986.89,11019985200.0,146003456663.0
000300.XSHG,2018-03-02,4014.95,4016.46,4044.42,4006.94,9616500000.0,130931181201.0
000300.XSHG,2018-03-05,4021.66,4018.1,4042.83,3995.87,8795254800.0,118197859452.0
000300.XSHG,2018-03-06,4034.99,4066.56,4067.55,3998.93,13876244400.0,171370654136.0
000300.XSHG,2018-03-07,4063.5,4036.65,4089.7,4027.94,10695242600.0,136572305560.0
000300.XSHG,2018-03-08,4038.95,4077.6,4078.23,4029.71,9115581000.0,123634637120.0
000300.XSHG,2018-03-09,4088.07,4108.87,4110.67,4076.45,11370180800.0,150024119651.0
000300.XSHG,2018-03-12,4130.71,4127.67,4139.53,4112.77,14090673900.0,190367593786.0
000300.XSHG,2018-03-13,4124.33,4091.25,4130.28,4087.56,11176643000.0,141174160638.0
000300.XSHG,2018-03-14,4076.06,4073.34,4089.09,4066.49,9901340900.0,131537959370.0
000300.XSHG,2018-03-15,4058.71,4096.16,4098.99,4058.71,8816115600.0,126882452702.0
000300.XSHG,2018-03-16,4096.89,4056.42,4110.05,4055.82,8489618800.0,122125342027.0
000300.XSHG,2018-03-19,4054.62,4074.25,4074.52,4033.52,8150288200.0,118183815140.0
000300.XSHG,2018-03-20,4045.74,4077.7,4080.19,4040.31,8060528000.0,111980234031.0
000300.XSHG,2018-03-21,4097.02,4061.05,4110.12,4046.24,9760948800.0,139330411871.0
000300.XSHG,2018-03-22,4062.07,4020.35,4072.38,4003.72,8909525900.0,127664337990.0
000300.XSHG,2018-03-23,3896.74,3904.94,3928.51,3834.94,18008044900.0,218905031317.0
000300.XSHG,2018-03-26,3862.69,3879.89,3883.9,3829.92,11513912800.0,156604527227.0
000300.XSHG,2018-03-27,3927.49,3913.27,3936.78,3881.87,11370071100.0,162291546573.0
000300.XSHG,2018-03-28,3865.05,3842.72,3907.28,3835.88,10149490800.0,155848951057.0
000300.XSHG,2018-03-29,3854.59,3894.05,3913.96,3794.26,11662906600.0,164996782981.0
000300.XSHG,2018-03-30,3893.75,3898.5,3915.35,3879.21,9751227000.0,137959280455.0
000300.XSHG,2018-04-02,3897.01,3886.92,3937.02,3882.89,11124266600.0,159356080038.0
000300.XSHG,2018-04-03,3850.15,3862.48,3878.15,3839.93,9513736900.0,132049936105.0
000300.XSHG,2018-04-04,3873.63,3854.86,3898.61,3852.5,8873060900.0,131593067938.0
000300.XSHG,2018-04-09,3851.95,3852.93,3870.67,3827.41,8410546200.0,118167273509.0
000300.XSHG,2018-04-10,3860.72,3927.17,3927.42,3851.8,10617372200.0,137941300225.0
000300.XSHG,2018-04-11,3934.17,3938.34,3958.71,3924.96,11193302100.0,139989290630.0
000300.XSHG,2018-04-12,3935.67,3898.64,3937.78,3896.18,8269949000.0,108075565476.0
000300.XSHG,2018-04-13,3920.74,3871.14,3929.95,3866.19,7154420300.0,98921826969.0
000300.XSHG,2018-04-16,3862.47,3808.86,3869.16,3789.61,9921777000.0,131566866868.0
000300.XSHG,2018-04-17,3812.87,3748.64,3822.63,3745.44,9061079000.0,126518751972.0
000300.XSHG,2018-04-18,3785.31,3766.28,3789.66,3708.11,10667670600.0,143077676004.0
000300.XSHG,2018-04-19,3774.78,3811.84,3824.03,3767.8,9905406000.0,127520121562.0
000300.XSHG,2018-04-20,3801.21,3760.85,3815.44,3750.1,9928292500.0,123550664541.0
000300.XSHG,2018-04-23,3754.69,3766.33,3787.4,3735.18,9035629100.0,111763031500.0
000300.XSHG,2018-04-24,3769.88,3843.49,3854.43,3769.88,11421952500.0,145700512791.0
000300.XSHG,2018-04-25,3824.59,3828.7,3838.69,3817.03,7817261200.0,105750449452.0
000300.XSHG,2018-04-26,3823.39,3755.49,3828.71,3744.89,8715064100.0,125772304515.0
000300.XSHG,2018-04-27,3771.04,3756.88,3776.98,3714.64,8953172600.0,142113627600.0
000300.XSHG,2018-05-02,3769.93,3763.65,3787.3,3744.55,8330103500.0,120083483290.0
000300.XSHG,2018-05-03,3756.17,3793.0,3797.53,3732.37,9396111800.0,122740168864.0
000300.XSHG,2018-05-04,3784.32,3774.6,3801.52,3770.94,7155428800.0,98315254609.0
000300.XSHG,2018-05-07,3782.54,3834.19,3834.59,3776.03,8728619500.0,126354800811.0
000300.XSHG,2018-05-08,3834.61,3878.68,3892.07,3833.73,9421515700.0,135445862529.0
000300.XSHG,2018-05-09,3876.13,3871.62,3878.94,3855.74,6671296600.0,92322896271.0
000300.XSHG,2018-05-10,3882.84,3893.06,3894.49,3867.31,7066780900.0,103255140585.0
000300.XSHG,2018-05-11,3902.15,3872.84,3903.34,3871.95,7335660400.0,107715457040.0
000300.XSHG,2018-05-14,3886.87,3909.29,3919.3,3886.87,8197599900.0,122520047995.0
000300.XSHG,2018-05-15,3920.14,3924.1,3924.34,3892.92,7604955500.0,106091905845.0
000300.XSHG,2018-05-16,3909.82,3892.84,3923.34,3889.19,7191364600.0,106533930265.0
000300.XSHG,2018-05-17,3895.49,3864.05,3899.51,3858.85,5903012300.0,87104164680.0
000300.XSHG,2018-05-18,3860.16,3903.06,3903.06,3841.9,7261395600.0,96823851809.0
000300.XSHG,2018-05-21,3925.54,3921.24,3937.46,3913.6,9264173700.0,120528726019.0
000300.XSHG,2018-05-22,3918.82,3906.21,3918.82,3881.17,7536877800.0,102883344897.0
000300.XSHG,2018-05-23,3898.27,3854.58,3898.27,3854.58,8372231900.0,110684503206.0
000300.XSHG,2018-05-24,3853.29,3827.22,3859.1,3823.92,6834502200.0,93408219637.0
000300.XSHG,2018-05-25,3823.74,3816.5,3841.12,3804.13,7083638600.0,95667543827.0
000300.XSHG,2018-05-28,3816.26,3833.26,3846.55,3799.32,7152113200.0,100001639047.0
000300.XSHG,2018-05-29,3824.19,3804.01,3841.78,3800.67,8155266200.0,117288580582.0
000300.XSHG,2018-05-30,3755.18,3723.37,3767.89,3722.07,8791328500.0,115858975810.0
000300.XSHG,2018-05-31,3749.3,3802.38,3804.79,3742.53,9266689400.0,130545422180.0
000300.XSHG,2018-06-01,3789.67,3770.59,3802.54,3753.84,7782181300.0,105934865863.0
000300.XSHG,2018-06-04,3785.19,3807.58,3813.41,3776.62,7662434100.0,115146468450.0
000300.XSHG,2018-06-05,3811.29,3845.32,3845.56,3800.93,7868736000.0,121261467224.0
000300.XSHG,2018-06-06,3839.68,3837.35,3848.33,3830.9,7311723700.0,107142041766.0
000300.XSHG,2018-06-07,3846.94,3831.01,3859.85,3827.69,8025614700.0,112365710702.0
000300.XSHG,2018-06-08,3819.45,3779.62,3819.46,3759.27,8333733500.0,107818798321.0
000300.XSHG,2018-06-11,3770.21,3779.98,3792.55,3756.51,6870983400.0,105597924649.0
000300.XSHG,2018-06-12,3783.19,3825.95,3830.47,3765.26,7320624400.0,116217139615.0
000300.XSHG,2018-06-13,3814.62,3788.34,3817.45,3782.07,6637797000.0,97185498920.0
000300.XSHG,2018-06-14,3774.64,3773.37,3808.16,3759.25,6847132200.0,99234014984.0
000300.XSHG,2018-06-15,3763.04,3753.43,3780.34,3737.43,8548889300.0,109534900847.0
000300.XSHG,2018-06-19,3702.67,3621.12,3712.82,3583.02,16070654200.0,193848797293.0
000300.XSHG,2018-06-20,3602.55,3635.44,3649.34,3578.17,8671809800.0,112804812786.0
000300.XSHG,2018-06-21,3633.56,3592.97,3673.56,3589.49,9390855200.0,115584149028.0
000300.XSHG,2018-06-22,3567.89,3608.9,3609.08,3542.46,7511786400.0,89687282053.0
000300.XSHG,2018-06-25,3625.8,3560.48,3631.03,3559.03,7987707800.0,106690345317.0
000300.XSHG,2018-06-26,3521.59,3531.11,3541.78,3478.21,8498526900.0,108132167346.0
000300.XSHG,2018-06-27,3525.13,3459.26,3537.66,3441.78,8149181700.0,107628896582.0
000300.XSHG,2018-06-28,3434.94,3423.53,3477.06,3416.95,7591805100.0,98570527345.0
000300.XSHG,2018-06-29,3431.96,3510.98,3512.38,3425.22,7725703100.0,97616367299.0
000300.XSHG,2018-07-02,3504.46,3407.96,3506.9,3383.5,8435144900.0,107601540659.0
000300.XSHG,2018-07-03,3410.48,3409.28,3422.04,3319.29,9527869300.0,129898019347.0
000300.XSHG,2018-07-04,3398.78,3363.75,3418.33,3359.09,7515799700.0,93648559089.0
000300.XSHG,2018-07-05,3365.55,3342.44,3398.49,3330.71,8158798100.0,97544619590.0
000300.XSHG,2018-07-06,3347.06,3365.12,3396.25,3295.73,8609757900.0,109481942501.0
000300.XSHG,2018-07-09,3378.91,3459.18,3459.32,3378.91,7660154500.0,100918863679.0
000300.XSHG,2018-07-10,3464.91,3467.52,3474.14,3437.27,6954882300.0,90127445728.0
000300.XSHG,2018-07-11,3398.93,3407.53,3427.57,3375.14,7204095000.0,89661507129.0
000300.XSHG,2018-07-12,3403.33,3481.06,3499.1,3403.33,9635356400.0,117805514793.0
000300.XSHG,2018-07-13,3488.5,3492.69,3499.76,3474.91,7295589700.0,99800184924.0
000300.XSHG,2018-07-16,3488.97,3472.09,3506.24,3459.73,6828199900.0,90754288081.0
000300.XSHG,2018-07-17,3466.42,3449.38,3467.19,3420.97,6198307600.0,85720563654.0
000300.XSHG,2018-07-18,3456.61,3431.32,3479.26,3430.16,6653033000.0,88556873195.0
000300.XSHG,2018-07-19,3444.8,3428.34,3466.51,3417.96,6847771600.0,88804907805.0
000300.XSHG,2018-07-20,3426.46,3492.89,3505.93,3398.95,10198472700.0,122196953815.0
000300.XSHG,2018-07-23,3471.86,3525.75,3527.53,3464.65,11903662700.0,143960930682.0
000300.XSHG,2018-07-24,3530.66,3581.71,3596.51,3530.66,15691243500.0,177448954019.0
000300.XSHG,2018-07-25,3589.51,3577.75,3589.98,3566.31,9675850100.0,112176694173.0
000300.XSHG,2018-07-26,3583.32,3536.25,3593.92,3528.64,9034964100.0,105577285189.0
000300.XSHG,2018-07-27,3533.77,3521.23,3545.41,3512.7,7017810400.0,81192174902.0
000300.XSHG,2018-07-30,3520.85,3515.08,3550.9,3489.55,8211699500.0,96183097601.0
000300.XSHG,2018-07-31,3510.47,3517.66,3528.15,3493.15,6798081700.0,80022152109.0
000300.XSHG,2018-08-01,3530.03,3447.39,3543.61,3446.78,9034861700.0,107477214866.0
000300.XSHG,2018-08-02,3434.35,3370.96,3434.35,3322.1,10130872700.0,122401283623.0
000300.XSHG,2018-08-03,3366.66,3315.28,3381.34,3315.2,7079691000.0,91395987151.0
000300.XSHG,2018-08-06,3312.82,3273.27,3344.25,3257.69,7797508300.0,97517991022.0
000300.XSHG,2018-08-07,3284.98,3368.87,3368.96,3263.5,9178391600.0,107512223951.0
000300.XSHG,2018-08-08,3362.15,3314.51,3368.16,3311.77,7928486500.0,90958912013.0
000300.XSHG,2018-08-09,3303.48,3397.53,3408.39,3299.62,9195757200.0,108802315182.0
000300.XSHG,2018-08-10,3398.41,3405.02,3424.04,3380.57,6896729900.0,85634522136.0
000300.XSHG,2018-08-13,3369.98,3390.34,3396.19,3336.7,7619153200.0,90869290864.0
000300.XSHG,2018-08-14,3386.48,3372.91,3391.73,3356.61,6065144600.0,72121992610.0
000300.XSHG,2018-08-15,3371.96,3291.98,3372.14,3288.71,6817405500.0,83402193917.0
000300.XSHG,2018-08-16,3251.86,3276.73,3315.2,3231.56,7654736600.0,89269175663.0
000300.XSHG,2018-08-17,3305.9,3229.62,3311.57,3224.1,6739541300.0,84452452537.6
000300.XSHG,2018-08-20,3238.22,3267.25,3267.25,3209.01,7090422800.0,88963382601.9
000300.XSHG,2018-08-21,3271.84,3326.65,3331.71,3270.03,7520558300.0,97925840441.5
000300.XSHG,2018-08-22,3328.97,3307.95,3328.97,3299.39,5078705700.0,66548536184.4
000300.XSHG,2018-08-23,3308.46,3320.03,3336.11,3285.81,6111233400.0,80212785557.6
000300.XSHG,2018-08-24,3308.48,3325.33,3353.04,3291.87,6376589700.0,77197847851.7
000300.XSHG,2018-08-27,3339.39,3406.57,3406.57,3339.26,9427008200.0,114960964550.8
000300.XSHG,2018-08-28,3408.15,3400.17,3416.59,3388.81,7544536300.0,94945949810.0
000300.XSHG,2018-08-29,3393.05,3386.57,3398.71,3377.12,6702040400.0,79072300213.0
000300.XSHG,2018-08-30,3385.81,3351.09,3402.56,3349.47,6838529000.0,80226052652.0
000300.XSHG,2018-08-31,3333.38,3334.5,3356.58,3310.87,7620563000.0,96091892858.0
000300.XSHG,2018-09-03,3320.69,3321.82,3325.61,3291.78,6642985500.0,81305681453.0
000300.XSHG,2018-09-04,3324.19,3363.9,3370.96,3307.96,6708880700.0,85892034874.0
000300.XSHG,2018-09-05,3349.7,3298.14,3354.2,3298.14,6430188800.0,80656675217.0
000300.XSHG,2018-09-06,3286.66,3262.88,3311.5,3253.76,6230028800.0,79373138215.9
000300.XSHG,2018-09-07,3273.89,3277.64,3316.61,3253.72,6394740800.0,81263439990.3
000300.XSHG,2018-09-10,3271.38,3230.07,3277.88,3227.85,6381705100.0,76175580336.9
000300.XSHG,2018-09-11,3229.71,3224.21,3245.62,3209.11,5849130500.0,67722118923.3
000300.XSHG,2018-09-12,3216.99,3202.02,3225.6,3194.98,5462789900.0,68887020055.9
000300.XSHG,2018-09-13,3239.69,3236.57,3249.59,3191.4,6729032700.0,85887962112.6
000300.XSHG,2018-09-14,3242.83,3242.09,3254.1,3227.94,6013064000.0,76481211955.9
000300.XSHG,2018-09-17,3224.93,3204.92,3230.79,3200.51,5225954700.0,60650940907.6
000300.XSHG,2018-09-18,3193.64,3269.43,3270.11,3193.64,7042503500.0,83899137593.0
000300.XSHG,2018-09-19,3262.0,3312.48,3335.99,3258.31,8917066600.0,109395423837.7
000300.XSHG,2018-09-20,3314.88,3310.13,3332.31,3303.07,6456105700.0,76660845175.0
000300.XSHG,2018-09-21,3320.7,3410.49,3410.49,3307.77,10841600500.0,123573117858.2
000300.XSHG,2018-09-25,3375.97,3379.8,3394.38,3367.03,6905469300.0,82870029933.1
000300.XSHG,2018-09-26,3388.56,3417.24,3448.26,3383.24,9317334300.0,119113319089.3
000300.XSHG,2018-09-27,3415.95,3403.59,3423.71,3394.73,6976524100.0,87573300844.9
000300.XSHG,2018-09-28,3409.96,3438.86,3444.99,3404.7,8437775600.0,94880274571.6
000300.XSHG,2018-10-08,3361.56,3290.9,3364.46,3285.25,9788898900.0,114164218382.3
000300.XSHG,2018-10-09,3290.17,3288.69,3309.8,3276.13,6672327400.0,78372941344.8
000300.XSHG,2018-10-10,3295.43,3281.6,3315.73,3256.58,6449282800.0,79166808584.8
000300.XSHG,2018-10-11,3179.54,3124.11,3209.52,3099.04,12094134200.0,125723084486.2
000300.XSHG,2018-10-12,3123.37,3170.73,3184.12,3094.97,9861115100.0,104423076622.8
000300.XSHG,2018-10-15,3173.85,3126.45,3183.13,3120.23,6960502300.0,77137696800.3
000300.XSHG,2018-10-16,3128.58,3100.97,3166.09,3089.37,6888772100.0,75206470956.0
000300.XSHG,2018-10-17,3140.68,3118.25,3149.13,3062.55,7683713800.0,86132695913.3
000300.XSHG,2018-10-18,3097.79,3044.39,3097.79,3043.38,7377196800.0,79703731918.5
000300.XSHG,2018-10-19,3017.75,3134.95,3137.75,3009.5,9883968800.0,110951369122.1
000300.XSHG,2018-10-22,3159.56,3270.27,3297.38,3159.56,14586204500.0,170651306178.0
000300.XSHG,2018-10-23,3273.13,3183.43,3276.02,3163.57,12101324100.0,142589176814.6
000300.XSHG,2018-10-24,3169.46,3188.2,3245.4,3164.29,11090974400.0,120954387288.4
000300.XSHG,2018-10-25,3107.84,3194.31,3197.32,3099.89,10695181700.0,113291746429.9
000300.XSHG,2018-10-26,3204.28,3173.64,3218.1,3151.92,10129935400.0,106070366759.9
000300.XSHG,2018-10-29,3157.49,3076.89,3158.81,3062.58,9183978900.0,108479490210.8
000300.XSHG,2018-10-30,3061.93,3110.26,3146.63,3050.77,11607010100.0,131767102718.5
000300.XSHG,2018-10-31,3116.66,3153.82,3168.92,3106.03,11120745500.0,117099697835.9
000300.XSHG,2018-11-01,3185.2,3177.03,3217.8,3173.1,13265337900.0,145919304280.1
000300.XSHG,2018-11-02,3258.61,3290.25,3290.25,3222.44,15346610400.0,178340643410.5
000300.XSHG,2018-11-05,3269.47,3262.84,3279.88,3230.36,10970668300.0,123630922688.6
000300.XSHG,2018-11-06,3254.98,3243.15,3254.98,3213.89,8386913800.0,91703898055.4
000300.XSHG,2018-11-07,3243.88,3221.91,3270.5,3218.42,9161552800.0,101814918974.5
000300.XSHG,2018-11-08,3251.73,3212.77,3253.57,3207.71,7641454000.0,85221664741.0
000300.XSHG,2018-11-09,3193.3,3167.44,3193.3,3166.31,8428276200.0,88194192201.7
000300.XSHG,2018-11-12,3160.25,3205.14,3206.51,3152.44,8806239100.0,97363052031.5
000300.XSHG,2018-11-13,3164.92,3237.38,3254.77,3161.1,12649346400.0,125603047265.2
000300.XSHG,2018-11-14,3233.64,3204.94,3239.24,3200.23,11380865900.0,105386565968.3
000300.XSHG,2018-11-15,3201.28,3242.37,3242.38,3198.78,9855881000.0,100119192332.3
000300.XSHG,2018-11-16,3242.88,3257.67,3282.39,3223.72,12687683500.0,135379803918.5
000300.XSHG,2018-11-19,3258.79,3294.6,3294.6,3251.07,11595659500.0,123188777592.2
000300.XSHG,2018-11-20,3268.08,3218.41,3278.78,3213.68,10936115400.0,114155066806.2
000300.XSHG,2018-11-21,3187.1,3226.49,3230.26,3185.24,8411972600.0,87813273908.4
000300.XSHG,2018-11-22,3232.97,3214.43,3235.45,3199.7,6509829100.0,70083372614.5
000300.XSHG,2018-11-23,3208.59,3143.48,3212.2,3139.39,8463825500.0,86864946183.9
000300.XSHG,2018-11-26,3148.67,3141.24,3169.44,3131.64,5937914000.0,61899479598.9
000300.XSHG,2018-11-27,3152.77,3137.24,3162.01,3126.29,5540783200.0,61946261110.2
000300.XSHG,2018-11-28,3137.75,3178.93,3179.41,3126.62,7488195500.0,77620553113.3
000300.XSHG,2018-11-29,3198.83,3137.65,3204.86,3137.65,8049846600.0,86927611883.2
000300.XSHG,2018-11-30,3136.2,3172.69,3175.15,3132.42,7092104400.0,77297697684.1
000300.XSHG,2018-12-03,3260.69,3260.95,3273.64,3228.36,12148715700.0,145828416489.9
000300.XSHG,2018-12-04,3256.23,3267.71,3267.94,3243.7,7941503900.0,90543600273.8
000300.XSHG,2018-12-05,3224.26,3252.0,3266.9,3219.98,7615305200.0,90909093829.9
000300.XSHG,2018-12-06,3218.11,3181.67,3223.52,3179.89,7632877100.0,95678883443.9
000300.XSHG,2018-12-07,3187.49,3181.56,3193.82,3176.71,5336192400.0,66323970656.9
000300.XSHG,2018-12-10,3153.52,3144.76,3170.15,3134.38,6343727300.0,73717204733.2
000300.XSHG,2018-12-11,3148.23,3159.82,3161.96,3143.61,5322387700.0,60014969778.9
000300.XSHG,2018-12-12,3181.57,3170.61,3182.21,3160.28,5330991400.0,60536223473.6
000300.XSHG,2018-12-13,3178.89,3219.69,3234.08,3169.42,9044275500.0,103375478636.9
000300.XSHG,2018-12-14,3207.35,3165.91,3210.72,3165.91,8430125000.0,91576900504.8
000300.XSHG,2018-12-17,3158.28,3161.2,3167.51,3134.37,6649700700.0,77151490857.7
000300.XSHG,2018-12-18,3139.95,3128.43,3165.0,3114.47,6382031900.0,72035451400.0
000300.XSHG,2018-12-19,3133.74,3091.13,3137.01,3086.76,5552229900.0,67872922422.5
000300.XSHG,2018-12-20,3083.54,3067.42,3097.72,3044.29,6974946300.0,78181426503.7
000300.XSHG,2018-12-21,3055.33,3029.4,3057.4,3007.61,7675810100.0,84824064753.3
000300.XSHG,2018-12-24,3015.5,3038.2,3040.35,3007.33,5729961500.0,63880740605.4
000300.XSHG,2018-12-25,3006.88,3017.28,3030.14,2964.88,7868942500.0,80413567307.4
000300.XSHG,2018-12-26,3012.87,3002.03,3029.06,2996.48,5564703200.0,58574968998.0
000300.XSHG,2018-12-27,3042.95,2990.51,3047.23,2990.51,8054178500.0,81159269974.1
000300.XSHG,2018-12-28,2994.8,3010.65,3024.35,2984.82,7105377900.0,78145310042.0
000300.XSHG,2019-01-02,3017.07,2969.54,3018.78,2958.49,6866302100.0,76105571277.8
000300.XSHG,2019-01-03,2963.02,2964.84,3000.44,2953.25,7086710300.0,76664797393.4
000300.XSHG,2019-01-04,2940.19,3035.87,3036.81,2935.83,10331897200.0,107141037088.1
000300.XSHG,2019-01-07,3055.15,3054.3,3061.75,3035.91,10116435900.0,105703940790.6
000300.XSHG,2019-01-08,3049.87,3047.7,3055.51,3038.53,8617058500.0,79628882664.2
000300.XSHG,2019-01-09,3065.23,3078.48,3117.96,3062.85,10736435000.0,117129678905.7
000300.XSHG,2019-01-10,3077.48,3072.69,3092.54,3062.57,8527175600.0,90206871737.0
000300.XSHG,2019-01-11,3082.26,3094.78,3102.83,3071.03,7178642400.0,77420239578.5
000300.XSHG,2019-01-14,3092.5,3067.78,3097.41,3064.38,6612170200.0,68115969094.5
000300.XSHG,2019-01-15,3071.52,3127.99,3129.37,3064.67,8877296200.0,99976891144.1
000300.XSHG,2019-01-16,3126.13,3128.65,3135.01,3117.29,8021434100.0,85781591791.1
000300.XSHG,2019-01-17,3132.63,3111.42,3141.71,3110.06,8017487100.0,82888206986.1
000300.XSHG,2019-01-18,3124.5,3168.17,3171.69,3120.35,10396383400.0,106780658490.8
000300.XSHG,2019-01-21,3170.88,3185.64,3199.21,3170.88,9391502200.0,105536986579.7
000300.XSHG,2019-01-22,3181.95,3143.32,3181.95,3135.34,7299052800.0,78150876312.7
000300.XSHG,2019-01-23,3136.1,3141.05,3157.63,3131.87,5987047800.0,62669652004.0
000300.XSHG,2019-01-24,3146.6,3158.78,3165.63,3125.3,7293463600.0,80963877218.7
000300.XSHG,2019-01-25,3165.18,3184.47,3203.17,3164.41,8396772900.0,93207954747.8
000300.XSHG,2019-01-28,3203.12,3183.78,3228.87,3174.72,8262243100.0,97371496147.1
000300.XSHG,2019-01-29,3177.26,3193.97,3200.99,3148.23,7765833400.0,85943908590.0
000300.XSHG,2019-01-30,3181.66,3168.48,3202.9,3167.89,6374651700.0,73005123447.1
000300.XSHG,2019-01-31,3182.7,3201.63,3216.07,3178.01,8624783900.0,97509924771.0
000300.XSHG,2019-02-01,3225.73,3247.4,3247.5,3207.72,8201964100.0,94766412762.8
000300.XSHG,2019-02-11,3239.81,3306.47,3307.06,3239.81,9881843400.0,114752354821.1
000300.XSHG,2019-02-12,3306.35,3330.34,3335.36,3298.63,12223246200.0,122834101006.8
000300.XSHG,2019-02-13,3337.78,3397.03,3405.58,3329.14,16382833200.0,168866262062.0
000300.XSHG,2019-02-14,3392.85,3402.14,3415.4,3381.98,15112729000.0,138649287970.7
000300.XSHG,2019-02-15,3391.24,3338.7,3395.03,3335.87,14366860300.0,141555060947.5
000300.XSHG,2019-02-18,3366.42,3445.74,3445.74,3366.42,18288608900.0,180449742544.2
000300.XSHG,2019-02-19,3454.72,3439.61,3480.79,3419.07,17908378500.0,185762746553.0
000300.XSHG,2019-02-20,3449.93,3451.93,3463.77,3421.51,14739031100.0,145570263069.9
000300.XSHG,2019-02-21,3450.14,3442.71,3500.25,3431.63,18014328700.0,185197154784.6
000300.XSHG,2019-02-22,3439.38,3520.12,3520.12,3417.98,18723797400.0,202869288708.4
000300.XSHG,2019-02-25,3575.85,3729.48,3729.48,3574.69,34255712200.0,376382393433.2
000300.XSHG,2019-02-26,3734.71,3684.69,3762.11,3679.27,35803869800.0,387632860075.2
000300.XSHG,2019-02-27,3682.81,3678.39,3737.63,3638.33,28623600700.0,307306148138.8
000300.XSHG,2019-02-28,3675.26,3669.37,3695.46,3650.05,18481022000.0,206010958184.6
000300.XSHG,2019-03-01,3699.22,3749.71,3749.71,3668.77,20471100400.0,235620623488.1
000300.XSHG,2019-03-04,3783.04,3794.1,3886.58,3764.78,32349012600.0,376397284705.9
000300.XSHG,2019-03-05,3785.38,3816.01,3816.16,3770.79,23085316600.0,261464122211.6
000300.XSHG,2019-03-06,3822.86,3848.09,3855.16,3787.52,31807737100.0,331155616598.0
000300.XSHG,2019-03-07,3841.15,3808.85,3845.18,3778.8,32984654800.0,359339152916.1
000300.XSHG,2019-03-08,3721.4,3657.58,3774.54,3656.19,31799007700.0,349296691226.9
000300.XSHG,2019-03-11,3663.98,3729.95,3731.91,3650.81,23091286500.0,268718458804.5
000300.XSHG,2019-03-12,3758.32,3755.35,3804.72,3723.68,27492638200.0,325180619758.7
000300.XSHG,2019-03-13,3758.71,3724.19,3763.09,3708.81,23368224800.0,286171048159.7
000300.XSHG,2019-03-14,3710.29,3698.49,3747.82,3673.85,19081723700.0,231820149389.5
000300.XSHG,2019-03-15,3713.94,3745.01,3782.24,3713.94,17517454400.0,224194362924.7
000300.XSHG,2019-03-18,3753.64,3851.75,3851.75,3733.68,21692806000.0,276473448869.6
000300.XSHG,2019-03-19,3856.59,3833.96,3868.34,3815.22,18172711000.0,224096889633.7
000300.XSHG,2019-03-20,3825.34,3835.44,3855.15,3790.51,17563209000.0,215406993601.5
000300.XSHG,2019-03-21,3840.28,3836.89,3864.07,3823.47,19631031000.0,231993445601.5
000300.XSHG,2019-03-22,3838.13,3833.8,3845.58,3786.59,17135699300.0,198518386318.6
000300.XSHG,2019-03-25,3776.44,3742.83,3807.18,3741.61,19858632900.0,223396564361.0
000300.XSHG,2019-03-26,3766.53,3700.44,3770.84,3687.55,17304657900.0,196547811178.8
000300.XSHG,2019-03-27,3724.41,3743.39,3750.26,3703.45,13875845400.0,177507528442.3
000300.XSHG,2019-03-28,3731.06,3728.4,3755.72,3710.08,13327212900.0,172604392907.5
000300.XSHG,2019-03-29,3739.77,3872.34,3876.38,3739.77,21563910300.0,283022298648.2
000300.XSHG,2019-04-01,3901.17,3973.93,3982.91,3901.17,27138270400.0,340799403573.1
000300.XSHG,2019-04-02,3986.34,3971.29,3988.1,3956.51,22600034100.0,281892057021.0
000300.XSHG,2019-04-03,3947.87,4022.16,4026.5,3939.78,23191736800.0,284826495445.4
000300.XSHG,2019-04-04,4039.74,4062.23,4072.11,4021.71,26041093900.0,313539431377.5
000300.XSHG,2019-04-08,4097.1,4057.23,4122.6,4017.49,26750557600.0,324670452522.6
000300.XSHG,2019-04-09,4063.81,4075.43,4084.24,4038.28,18295680800.0,243187913127.9
000300.XSHG,2019-04-10,4062.44,4085.85,4115.38,4035.47,19468761300.0,278282025051.5
000300.XSHG,2019-04-11,4083.46,3997.58,4097.12,3990.24,16904964100.0,236259156718.9
000300.XSHG,2019-04-12,3986.78,3988.62,4006.93,3961.46,13586211800.0,178795939061.6
000300.XSHG,2019-04-15,4056.49,3975.52,4085.39,3974.23,18264557100.0,236298721390.8
000300.XSHG,2019-04-16,3958.1,4085.79,4085.79,3943.49,20204196600.0,250569206656.0
000300.XSHG,2019-04-17,4080.72,4087.24,4106.62,4057.5,18036711700.0,228824429886.6
000300.XSHG,2019-04-18,4085.11,4072.08,4094.05,4056.24,14656212300.0,187812687766.5
000300.XSHG,2019-04-19,4076.3,4120.61,4120.64,4046.2,15079491000.0,194701690762.6
000300.XSHG,2019-04-22,4125.97,4025.61,4126.09,4015.47,18935374500.0,244380549238.8
000300.XSHG,2019-04-23,4021.63,4019.01,4061.09,4005.28,15561165000.0,204121505815.8
000300.XSHG,2019-04-24,4033.63,4030.09,4044.34,3967.81,14549869500.0,186497961651.9
000300.XSHG,2019-04-25,4013.6,3941.82,4022.56,3938.33,15972207100.0,197530997751.6
000300.XSHG,2019-04-26,3921.89,3889.27,3943.83,3887.25,14200806800.0,186572137127.3
000300.XSHG,2019-04-29,3896.58,3900.33,3953.23,3875.45,15387092700.0,203946553151.5
000300.XSHG,2019-04-30,3887.18,3913.21,3923.11,3885.15,11623337600.0,161665923923.7
000300.XSHG,2019-05-06,3775.08,3684.62,3791.61,3647.14,19747288200.0,254115400089.2
000300.XSHG,2019-05-07,3702.27,3720.67,3738.18,3671.83,13284765400.0,183659159180.7
000300.XSHG,2019-05-08,3648.55,3667.46,3722.93,3642.5,11286735500.0,145058486354.4
000300.XSHG,2019-05-09,3637.35,3599.7,3656.9,3584.82,10103739400.0,141829095759.5
000300.XSHG,2019-05-10,3643.06,3730.45,3732.92,3589.29,14800384700.0,195067170793.0
000300.XSHG,2019-05-13,3675.76,3668.73,3702.9,3658.0,10339186000.0,135053926707.4
000300.XSHG,2019-05-14,3630.44,3645.15,3683.26,3630.44,10231346000.0,135262868907.9
000300.XSHG,2019-05-15,3674.99,3727.09,3741.04,3674.99,11016176900.0,152534546781.4
000300.XSHG,2019-05-16,3720.04,3743.96,3745.14,3707.9,11625827400.0,139851940057.3
000300.XSHG,2019-05-17,3744.88,3648.76,3745.36,3637.58,12845324500.0,154092349651.9
000300.XSHG,2019-05-20,3635.74,3617.79,3644.5,3583.83,10896347700.0,134194262583.5
000300.XSHG,2019-05-21,3619.44,3666.78,3690.09,3610.68,11102292000.0,133071381088.8
000300.XSHG,2019-05-22,3663.15,3649.38,3679.27,3634.75,9834612800.0,121775244162.9
000300.XSHG,2019-05-23,3629.53,3583.96,3631.47,3578.11,9989778100.0,125611969476.7
000300.XSHG,2019-05-24,3584.9,3593.91,3623.39,3580.79,8093404800.0,101337496380.1
000300.XSHG,2019-05-27,3592.6,3637.2,3648.03,3556.26,10883087100.0,133399053907.7
000300.XSHG,2019-05-28,3633.02,3672.26,3683.23,3627.79,11788624000.0,148966334657.2
000300.XSHG,2019-05-29,3642.54,3663.91,3693.23,3637.35,9335544100.0,120002034236.9
000300.XSHG,2019-05-30,3648.85,3641.18,3650.97,3612.62,9420256100.0,112864079304.9
000300.XSHG,2019-05-31,3641.0,3629.79,3668.18,3627.54,8922226700.0,108264201339.4
000300.XSHG,2019-06-03,3640.61,3632.01,3672.81,3613.13,10072318000.0,123902446407.3
000300.XSHG,2019-06-04,3632.56,3598.47,3636.13,3584.46,8709709400.0,109467236536.2
000300.XSHG,2019-06-05,3627.79,3597.11,3634.45,3593.95,8864202000.0,114634228238.8
000300.XSHG,2019-06-06,3601.04,3564.68,3601.04,3557.02,8553440300.0,104367267723.8
000300.XSHG,2019-06-10,3578.01,3610.74,3623.73,3568.28,9237506100.0,117346608912.5
000300.XSHG,2019-06-11,3617.52,3719.28,3723.14,3617.52,14348280600.0,180899072311.2
000300.XSHG,2019-06-12,3706.86,3691.1,3711.88,3683.94,11917885300.0,132296097905.4
000300.XSHG,2019-06-13,3689.58,3685.39,3697.59,3654.27,9633171800.0,110459901917.9
000300.XSHG,2019-06-14,3690.48,3654.88,3709.65,3650.91,10181700400.0,116584260575.4
000300.XSHG,2019-06-17,3654.44,3654.82,3683.77,3645.5,7297667800.0,93092581297.8
000300.XSHG,2019-06-18,3661.13,3667.62,3675.65,3638.78,7069226600.0,89472839848.3
000300.XSHG,2019-06-19,3761.34,3715.94,3771.35,3715.13,12559571500.0,172574177791.6
000300.XSHG,2019-06-20,3718.94,3828.52,3845.79,3717.19,16887207300.0,227726981966.3
000300.XSHG,2019-06-21,3832.73,3833.94,3856.09,3817.31,15363515500.0,199961617615.6
000300.XSHG,2019-06-24,3836.31,3841.27,3853.55,3819.77,10008462100.0,143644731703.7
000300.XSHG,2019-06-25,3837.43,3801.31,3838.06,3755.01,12407591200.0,169358793347.0
000300.XSHG,2019-06-26,3779.51,3794.33,3809.76,3771.72,8182028300.0,112106859021.6
000300.XSHG,2019-06-27,3807.54,3834.82,3854.08,3805.83,10531635800.0,156483418190.2
000300.XSHG,2019-06-28,3832.06,3825.59,3835.23,3803.05,8476613900.0,116512050673.5
000300.XSHG,2019-07-01,3899.33,3935.81,3936.67,3886.91,15837034000.0,217470251110.9
000300.XSHG,2019-07-02,3931.05,3937.17,3942.43,3918.94,13186349600.0,173997045122.5
000300.XSHG,2019-07-03,3927.44,3893.53,3927.44,3878.84,11199260300.0,163145730935.4
000300.XSHG,2019-07-04,3895.2,3873.1,3906.89,3854.69,9934225600.0,142669255176.9
000300.XSHG,2019-07-05,3875.37,3893.2,3900.31,3857.93,7400652700.0,116236522103.4
000300.XSHG,2019-07-08,3875.75,3802.79,3875.75,3775.03,10953908600.0,147198419380.3
000300.XSHG,2019-07-09,3798.1,3793.13,3811.1,3774.76,7484273200.0,113147602951.3
000300.XSHG,2019-07-10,3807.95,3786.74,3810.4,3774.23,7283394800.0,101355477029.9
000300.XSHG,2019-07-11,3806.19,3785.22,3830.74,3774.41,7531196500.0,113674616215.1
000300.XSHG,2019-07-12,3783.07,3808.73,3820.24,3774.52,7546596700.0,107007923971.2
000300.XSHG,2019-07-15,3792.64,3824.19,3844.87,3745.85,10120522200.0,142493046609.8
000300.XSHG,2019-07-16,3819.25,3806.84,3828.33,3799.87,8073095200.0,108449682783.9
000300.XSHG,2019-07-17,3800.11,3804.64,3820.27,3787.9,9518388500.0,116766781137.8
000300.XSHG,2019-07-18,3793.19,3768.4,3793.39,3768.0,8749644500.0,111669365488.3
000300.XSHG,2019-07-19,3787.51,3807.96,3828.15,3787.51,8808614900.0,117797528165.8
000300.XSHG,2019-07-22,3813.5,3781.68,3816.54,3765.44,9210137700.0,117810448145.9
000300.XSHG,2019-07-23,3783.54,3789.91,3792.96,3768.76,7131334600.0,103866608768.6
000300.XSHG,2019-07-24,3803.59,3819.83,3840.06,3803.57,9094068400.0,129940587223.4
000300.XSHG,2019-07-25,3821.39,3851.07,3851.07,3812.95,9374041700.0,125899502555.2
000300.XSHG,2019-07-26,3835.23,3858.57,3863.59,3832.52,8325930000.0,110929728703.6
000300.XSHG,2019-07-29,3857.94,3854.27,3862.75,3842.43,8481437000.0,111679108840.3
000300.XSHG,2019-07-30,3861.57,3870.32,3890.73,3861.57,9412395500.0,120480280020.1
000300.XSHG,2019-07-31,3856.74,3835.36,3856.74,3830.09,8215115500.0,111083892777.4
000300.XSHG,2019-08-01,3819.32,3803.47,3831.26,3791.55,8411418000.0,117649163850.3
000300.XSHG,2019-08-02,3729.13,3747.44,3754.53,3720.06,10833589700.0,141874787569.4
000300.XSHG,2019-08-05,3724.41,3675.69,3739.5,3675.69,10132598100.0,133061101375.6
000300.XSHG,2019-08-06,3609.11,3636.33,3649.9,3575.86,12983387100.0,167267479638.6
000300.XSHG,2019-08-07,3654.63,3621.43,3659.08,3621.43,8423871600.0,108667668029.8
000300.XSHG,2019-08-08,3651.36,3669.29,3675.46,3646.94,8845770700.0,114981616120.9
000300.XSHG,2019-08-09,3686.75,3633.53,3689.18,3628.12,8529558000.0,116355689959.4
000300.XSHG,2019-08-12,3647.87,3699.1,3699.1,3643.32,8208305600.0,121129345184.0
000300.XSHG,2019-08-13,3675.59,3665.75,3686.43,3658.01,7650030200.0,103764319440.6
000300.XSHG,2019-08-14,3712.07,3682.4,3717.56,3680.61,9120259000.0,128301671072.6
000300.XSHG,2019-08-15,3618.01,3694.0,3694.3,3612.11,8859883200.0,119241082583.3
000300.XSHG,2019-08-16,3697.94,3710.54,3738.1,3687.08,8831916900.0,132696910341.1
000300.XSHG,2019-08-19,3736.03,3791.09,3791.09,3720.69,13932701300.0,195448939475.6
000300.XSHG,2019-08-20,3786.03,3787.73,3799.9,3778.73,10860208800.0,149115340694.9
000300.XSHG,2019-08-21,3778.31,3781.76,3792.6,3775.45,8229988000.0,121688505094.9
000300.XSHG,2019-08-22,3793.86,3793.51,3797.33,3771.2,8580779200.0,120708136081.1
000300.XSHG,2019-08-23,3796.88,3820.86,3829.36,3788.03,8795458300.0,137802154001.2
000300.XSHG,2019-08-26,3756.36,3765.91,3778.87,3753.16,9385926900.0,142350985497.0
000300.XSHG,2019-08-27,3791.46,3816.95,3848.24,3790.87,12473147800.0,181748784078.5
000300.XSHG,2019-08-28,3818.81,3802.58,3822.59,3790.14,8875081200.0,137667277244.2
000300.XSHG,2019-08-29,3805.49,3790.19,3808.6,3774.4,8408338700.0,126475676638.3
000300.XSHG,2019-08-30,3816.68,3799.59,3828.97,3778.92,9669515000.0,152408668676.4
000300.XSHG,2019-09-02,3803.69,3848.32,3855.78,3799.82,11028934900.0,164994458613.0
000300.XSHG,2019-09-03,3852.58,3853.61,3856.68,3833.76,9771463100.0,146270633848.5
000300.XSHG,2019-09-04,3848.65,3886.0,3886.0,3846.42,12662861500.0,176839744818.6
000300.XSHG,2019-09-05,3909.21,3925.32,3970.0,3909.21,18165623100.0,244681225480.7
000300.XSHG,2019-09-06,3946.69,3948.51,3948.54,3922.34,12188237600.0,181718270030.7
000300.XSHG,2019-09-09,3980.96,3972.95,3985.24,3954.88,14680975400.0,209545387190.9
000300.XSHG,2019-09-10,3976.87,3959.27,3976.92,3938.74,13088938600.0,184494349873.8
000300.XSHG,2019-09-11,3969.68,3930.1,3971.22,3922.95,13159487500.0,190165007511.9
000300.XSHG,2019-09-12,3944.69,3972.38,3975.93,3933.44,11024127300.0,156750653137.8
000300.XSHG,2019-09-16,3981.36,3957.72,3982.2,3943.37,11025980500.0,154736552348.1
000300.XSHG,2019-09-17,3947.16,3891.22,3947.16,3879.49,11369431700.0,154899299888.1
000300.XSHG,2019-09-18,3902.99,3910.08,3923.15,3902.51,8205615200.0,130159557671.9
000300.XSHG,2019-09-19,3923.96,3924.38,3924.38,3897.07,8598423800.0,127421791159.0
000300.XSHG,2019-09-20,3933.46,3935.65,3942.22,3921.41,10345595500.0,153162588494.8
000300.XSHG,2019-09-23,3925.19,3890.66,3925.19,3868.21,9403622500.0,139223506453.0
000300.XSHG,2019-09-24,3895.87,3901.08,3927.01,3886.14,8778323000.0,142341399678.9
000300.XSHG,2019-09-25,3887.55,3870.98,3889.84,3867.23,8952083500.0,133224463638.3
000300.XSHG,2019-09-26,3884.7,3841.14,3890.75,3840.25,10269830100.0,150806750012.6
000300.XSHG,2019-09-27,3843.46,3852.65,3859.5,3832.25,7400394700.0,109130484004.3
000300.XSHG,2019-09-30,3842.07,3814.53,3857.23,3813.55,6593131300.0,100487271138.0
000300.XSHG,2019-10-08,3818.59,3837.68,3861.64,3818.59,7665786000.0,118365682514.5
000300.XSHG,2019-10-09,3822.61,3843.24,3845.34,3805.07,7585451200.0,112406207027.5
000300.XSHG,2019-10-10,3838.49,3874.64,3877.14,3829.43,7922269400.0,127474042852.5
000300.XSHG,2019-10-11,3885.52,3911.73,3922.37,3868.84,9341257700.0,139817298256.0
000300.XSHG,2019-10-14,3944.86,3953.24,3983.81,3934.73,12239361100.0,167857131154.3
000300.XSHG,2019-10-15,3953.16,3936.25,3953.16,3928.15,8527394900.0,125117107010.6
000300.XSHG,2019-10-16,3939.28,3922.69,3964.05,3919.02,8322970700.0,128558533503.4
000300.XSHG,2019-10-17,3929.39,3925.22,3935.81,3913.92,6486374500.0,99991850408.9
000300.XSHG,2019-10-18,3935.42,3869.38,3940.54,3864.97,8232114000.0,122186927130.1
000300.XSHG,2019-10-21,3865.34,3880.84,3884.74,3856.04,7418291800.0,110858235839.2
000300.XSHG,2019-10-22,3896.31,3895.88,3897.44,3870.55,6891856600.0,102843371160.8
000300.XSHG,2019-10-23,3892.68,3871.08,3901.42,3862.2,7019862500.0,99733598352.8
000300.XSHG,2019-10-24,3877.92,3870.67,3890.2,3852.58,7133457500.0,105096951646.5
000300.XSHG,2019-10-25,3871.77,3896.79,3899.72,3849.03,7745362000.0,126677483957.3
000300.XSHG,2019-10-28,3904.98,3926.59,3927.8,3897.82,9740602000.0,150762201736.5
000300.XSHG,2019-10-29,3929.71,3910.23,3932.37,3910.23,8225707500.0,139611420265.5
000300.XSHG,2019-10-30,3904.72,3891.23,3908.1,3883.45,7787292300.0,122610501731.0
000300.XSHG,2019-10-31,3906.86,3886.75,3907.15,3878.88,8671453900.0,135012425538.5
000300.XSHG,2019-11-01,3883.81,3952.39,3956.08,3876.42,10068961200.0,151471061323.2
000300.XSHG,2019-11-04,3964.01,3978.12,3985.36,3964.01,10419385500.0,154485361811.7
000300.XSHG,2019-11-05,3982.12,4002.81,4030.64,3970.87,11291188000.0,163317856088.8
000300.XSHG,2019-11-06,4006.33,3984.88,4007.5,3973.78,9731295200.0,139859763470.3
000300.XSHG,2019-11-07,3984.55,3991.87,4005.38,3975.55,8725489800.0,117751554346.6
000300.XSHG,2019-11-08,4017.67,3973.01,4022.04,3971.57,9710694800.0,139026673427.0
000300.XSHG,2019-11-11,3948.62,3902.98,3948.62,3897.55,9415562100.0,130330082289.2
000300.XSHG,2019-11-12,3905.96,3903.69,3914.88,3877.74,7654306900.0,108828235839.0
000300.XSHG,2019-11-13,3905.28,3899.98,3908.42,3882.43,7674907800.0,112057146508.0
000300.XSHG,2019-11-14,3905.93,3905.86,3916.95,3895.14,8700844600.0,119791566838.8
000300.XSHG,2019-11-15,3908.49,3877.09,3915.1,3877.09,8373091700.0,115423020916.5
000300.XSHG,2019-11-18,3874.44,3907.93,3913.1,3868.32,7664599300.0,107085819889.1
000300.XSHG,2019-11-19,3904.1,3947.04,3947.04,3902.38,8216102500.0,123227172612.2
000300.XSHG,2019-11-20,3940.13,3907.86,3943.23,3901.99,7681533300.0,118003062733.2
000300.XSHG,2019-11-21,3894.54,3889.6,3901.83,3875.97,6913053800.0,104147769297.8
000300.XSHG,2019-11-22,3894.17,3849.99,3918.84,3833.5,9104263900.0,146981162089.7
000300.XSHG,2019-11-25,3850.97,3878.21,3878.25,3839.42,10606628900.0,140851076272.2
000300.XSHG,2019-11-26,3893.43,3891.65,3899.11,3869.59,11151353700.0,140213633064.6
000300.XSHG,2019-11-27,3883.43,3875.62,3889.98,3862.7,7643730500.0,107238822033.2
000300.XSHG,2019-11-28,3877.9,3862.3,3887.69,3852.01,6523011900.0,87081788912.3
000300.XSHG,2019-11-29,3857.19,3828.67,3861.66,3804.83,7414433100.0,116200556869.0
000300.XSHG,2019-12-02,3835.51,3836.06,3854.75,3829.31,7741217300.0,109992592541.0
000300.XSHG,2019-12-03,3829.21,3851.09,3851.12,3811.63,7361124000.0,108703714965.2
000300.XSHG,2019-12-04,3841.66,3849.82,3852.99,3831.07,7968338500.0,109646342795.8
000300.XSHG,2019-12-05,3863.61,3879.36,3883.4,3859.82,8905119300.0,129357592811.8
000300.XSHG,2019-12-06,3885.06,3902.39,3902.39,3878.7,7864888700.0,116424775801.9
000300.XSHG,2019-12-09,3909.53,3895.45,3911.97,3885.25,9535380600.0,130873098246.3
000300.XSHG,2019-12-10,3886.44,3900.38,3900.96,3882.09,8626292800.0,121118412751.4
000300.XSHG,2019-12-11,3907.16,3902.75,3909.39,3890.34,9976548000.0,127690403434.4
000300.XSHG,2019-12-12,3908.45,3891.02,3908.45,3886.12,8470833000.0,117874313734.4
000300.XSHG,2019-12-13,3928.0,3968.22,3969.46,3925.28,14857134900.0,201018885799.2
000300.XSHG,2019-12-16,3970.71,3987.55,3987.59,3953.51,14848667000.0,202154895254.4
000300.XSHG,2019-12-17,3987.74,4041.8,4067.14,3984.52,20116293700.0,251637865287.6
000300.XSHG,2019-12-18,4039.72,4032.78,4057.64,4025.34,15135176400.0,197620207485.1
000300.XSHG,2019-12-19,4034.62,4027.15,4038.54,4014.9,11790055800.0,152553809116.6
000300.XSHG,2019-12-20,4032.15,4017.25,4046.73,4014.93,12126766200.0,158460232416.6
000300.XSHG,2019-12-23,4014.69,3967.1,4032.17,3964.38,12281624600.0,162048261474.0
000300.XSHG,2019-12-24,3971.56,3992.96,3994.51,3963.67,9598904500.0,122499163329.3
000300.XSHG,2019-12-25,3988.66,3990.87,4000.56,3976.36,9493889000.0,131896466969.0
000300.XSHG,2019-12-26,3993.67,4025.99,4025.99,3993.54,10886064000.0,140814968242.6
000300.XSHG,2019-12-27,4029.25,4022.03,4066.8,4019.72,15092641100.0,195090417041.7
000300.XSHG,2019-12-30,4015.52,4081.63,4083.69,4001.5,15597148800.0,216814660017.4
000300.XSHG,2019-12-31,4077.75,4096.58,4098.14,4069.01,12326425800.0,173119348509.7
000300.XSHG,2020-01-02,4121.35,4152.24,4172.66,4121.35,18211677200.0,270105532027.6
000300.XSHG,2020-01-03,4161.22,4144.96,4164.3,4131.86,14282624400.0,215216288331.3
000300.XSHG,2020-01-06,4120.52,4129.3,4170.64,4102.38,17530995300.0,250182071293.9
000300.XSHG,2020-01-07,4137.4,4160.23,4161.25,4135.1,13948903100.0,196389059714.7
000300.XSHG,2020-01-08,4139.63,4112.32,4149.81,4101.98,16758585000.0,212406263857.3
000300.XSHG,2020-01-09,4145.53,4164.37,4165.66,4143.59,13688632400.0,200150352941.6
000300.XSHG,2020-01-10,4177.58,4163.18,4180.98,4148.48,11303171900.0,177827413709.3
000300.XSHG,2020-01-13,4166.93,4203.99,4203.99,4148.6,11969198200.0,199795489709.1
000300.XSHG,2020-01-14,4215.16,4189.89,4223.51,4188.08,12932078300.0,196221263395.6
000300.XSHG,2020-01-15,4186.88,4166.73,4193.87,4150.88,10463313600.0,163081930622.4
000300.XSHG,2020-01-16,4174.82,4149.04,4175.29,4142.18,10026764200.0,156242505812.0
000300.XSHG,2020-01-17,4162.19,4154.85,4177.03,4141.64,9872568200.0,166591591594.3
000300.XSHG,2020-01-20,4170.74,4185.83,4185.96,4149.49,12240914700.0,202692287441.8
000300.XSHG,2020-01-21,4165.02,4114.31,4165.02,4113.33,13052750700.0,204586880493.9
000300.XSHG,2020-01-22,4093.8,4131.93,4141.18,4046.49,12675876300.0,208136150791.5
000300.XSHG,2020-01-23,4093.32,4003.9,4103.52,3972.39,16035760300.0,250409357700.7
000300.XSHG,2020-02-03,3639.91,3688.36,3732.16,3639.91,15755964700.0,243303105385.9
000300.XSHG,2020-02-04,3652.0,3785.64,3786.86,3652.0,21393332800.0,298165767621.4
000300.XSHG,2020-02-05,3801.1,3828.53,3866.01,3781.61,17492552400.0,264042920865.7
000300.XSHG,2020-02-06,3841.75,3899.78,3914.92,3806.96,17646223500.0,262820088451.9
000300.XSHG,2020-02-07,3879.55,3899.87,3899.88,3849.71,15173175900.0,237508816255.6
000300.XSHG,2020-02-10,3872.37,3916.01,3920.17,3861.01,14840696900.0,229625441895.6
000300.XSHG,2020-02-11,3926.42,3952.46,3970.52,3915.71,14344167400.0,219307119361.3
000300.XSHG,2020-02-12,3945.67,3984.43,3984.43,3940.67,12671032100.0,200776706549.8
000300.XSHG,2020-02-13,3985.88,3959.92,3999.55,3950.14,14500184300.0,228605964793.4
000300.XSHG,2020-02-14,3954.23,3987.73,4001.56,3954.02,14323980300.0,222895073624.8
000300.XSHG,2020-02-17,3999.65,4077.42,4077.45,3999.65,18277896900.0,273067817277.8
000300.XSHG,2020-02-18,4069.83,4057.51,4076.39,4027.79,16323622000.0,242552517334.4
000300.XSHG,2020-02-19,4049.59,4051.31,4085.17,4042.85,16904644100.0,257554535729.8
000300.XSHG,2020-02-20,4062.9,4144.66,4148.53,4055.81,21223262400.0,310835589162.3
000300.XSHG,2020-02-21,4134.87,4149.49,4184.44,4130.17,21721360400.0,326564003558.5
000300.XSHG,2020-02-24,4131.84,4132.84,4149.01,4097.18,21286930300.0,326387800605.7
000300.XSHG,2020-02-25,4066.3,4123.85,4126.71,4020.91,24416783100.0,372213717029.5
000300.XSHG,2020-02-26,4070.1,4073.02,4132.78,4061.13,26109406100.0,366022417907.4
000300.XSHG,2020-02-27,4084.08,4084.88,4110.53,4067.44,18129098100.0,282050206371.0
000300.XSHG,2020-02-28,3988.73,3940.05,4031.15,3928.07,23027509300.0,330358907265.5
000300.XSHG,2020-03-02,3968.84,4069.67,4092.54,3968.84,21931355900.0,317426205457.1
000300.XSHG,2020-03-03,4125.14,4091.36,4147.65,4067.91,21936977700.0,330802584618.9
000300.XSHG,2020-03-04,4078.5,4115.05,4115.26,4060.73,18242473000.0,281784863844.9
000300.XSHG,2020-03-05,4150.21,4206.73,4215.85,4127.04,23182311500.0,362838831775.5
000300.XSHG,2020-03-06,4158.2,4138.51,4181.31,4135.39,17247571700.0,253168631958.9
000300.XSHG,2020-03-09,4063.08,3997.13,4063.08,3995.13,20810203500.0,305428730303.8
000300.XSHG,2020-03-10,3975.23,4082.73,4093.0,3954.75,19741640200.0,296184435851.3
000300.XSHG,2020-03-11,4090.93,4028.43,4091.27,4028.4,16165611100.0,244990872685.9
000300.XSHG,2020-03-12,3976.11,3950.91,3987.43,3926.27,15706045800.0,233152848759.1
000300.XSHG,2020-03-13,3771.01,3895.31,3937.18,3765.15,18829672200.0,280213453213.7
000300.XSHG,2020-03-16,3899.86,3727.84,3899.86,3720.51,18596826000.0,282836238271.2
000300.XSHG,2020-03-17,3739.78,3709.68,3786.89,3618.31,16624612900.0,250824025696.9
000300.XSHG,2020-03-18,3729.69,3636.26,3775.85,3636.26,15503754700.0,244127161535.3
000300.XSHG,2020-03-19,3623.79,3589.09,3647.99,3503.19,18080740700.0,271827467961.6
000300.XSHG,2020-03-20,3629.51,3653.22,3663.95,3588.78,13960300000.0,211223073323.1
000300.XSHG,2020-03-23,3542.68,3530.31,3585.8,3523.79,13710879000.0,197669624970.1
000300.XSHG,2020-03-24,3598.65,3625.11,3627.76,3545.45,14310302100.0,208553840688.5
000300.XSHG,2020-03-25,3711.48,3722.52,3732.65,3685.99,15349595800.0,231561518761.2
000300.XSHG,2020-03-26,3692.61,3698.05,3736.25,3681.27,11231066500.0,169336311861.4
000300.XSHG,2020-03-27,3746.39,3710.06,3758.78,3709.92,12406099500.0,186103426334.7
000300.XSHG,2020-03-30,3657.46,3674.11,3690.64,3637.59,12687667300.0,180640799409.3
000300.XSHG,2020-03-31,3708.14,3686.16,3716.07,3676.2,11145302500.0,161595510008.2
000300.XSHG,2020-04-01,3682.3,3675.08,3731.78,3670.97,11935262000.0,170422568804.4
000300.XSHG,2020-04-02,3656.32,3734.53,3734.53,3652.32,11516820900.0,168893255656.6
000300.XSHG,2020-04-03,3721.48,3713.22,3738.83,3698.98,9982508300.0,150132815028.5
000300.XSHG,2020-04-07,3779.91,3798.02,3803.63,3772.21,14277803000.0,207642820316.9
000300.XSHG,2020-04-08,3776.42,3780.34,3793.0,3767.29,11138951300.0,161576772320.2
000300.XSHG,2020-04-09,3798.49,3792.81,3801.72,3785.31,10048503200.0,154595318812.8
000300.XSHG,2020-04-10,3794.84,3769.18,3824.74,3758.96,10244495600.0,162251233800.7
000300.XSHG,2020-04-13,3751.71,3753.26,3769.88,3740.19,7905334300.0,119874303204.6
000300.XSHG,2020-04-14,3777.83,3825.7,3825.76,3764.98,11063758500.0,170612579792.4
000300.XSHG,2020-04-15,3820.85,3797.36,3829.8,3793.44,10846198400.0,169700216633.0
000300.XSHG,2020-04-16,3777.8,3802.38,3807.36,3774.56,9594796500.0,147164302056.9
000300.XSHG,2020-04-17,3831.92,3839.49,3863.45,3821.42,13200430100.0,203595267033.5
000300.XSHG,2020-04-20,3845.46,3853.46,3853.8,3831.55,10001311500.0,151924090116.6
000300.XSHG,2020-04-21,3838.23,3808.05,3838.23,3780.0,10292188800.0,155077454132.0
000300.XSHG,2020-04-22,3789.13,3839.38,3839.38,3782.21,8589946400.0,135547280790.2
000300.XSHG,2020-04-23,3851.91,3829.75,3857.47,3826.56,9550845000.0,142122548831.8
000300.XSHG,2020-04-24,3826.31,3796.97,3827.21,3787.07,9484413500.0,138961200282.7
000300.XSHG,2020-04-27,3808.02,3822.77,3842.87,3793.77,9546273500.0,145301151875.0
000300.XSHG,2020-04-28,3835.35,3849.15,3859.68,3768.2,12209347600.0,184179759240.3
000300.XSHG,2020-04-29,3837.51,3867.03,3880.74,3833.72,9585459000.0,151282103744.2
000300.XSHG,2020-04-30,3880.41,3912.58,3921.7,3880.41,13291712500.0,202268288802.3
000300.XSHG,2020-05-06,3867.26,3936.25,3937.69,3865.99,13985567500.0,214935962364.4
000300.XSHG,2020-05-07,3937.59,3924.89,3941.48,3915.9,10551464600.0,167207801840.2
000300.XSHG,2020-05-08,3943.0,3963.62,3979.66,3935.98,11694334100.0,190299584716.9
000300.XSHG,2020-05-11,3974.76,3960.18,3998.1,3944.5,12267380300.0,193758093899.8
000300.XSHG,2020-05-12,3961.34,3960.24,3970.11,3930.21,9825055400.0,157465780059.9
000300.XSHG,2020-05-13,3946.64,3968.25,3972.53,3932.57,8819066900.0,145563383275.8
000300.XSHG,2020-05-14,3952.2,3925.22,3952.2,3924.05,8853000400.0,143499177719.8
000300.XSHG,2020-05-15,3941.13,3912.82,3945.2,3907.4,9261838200.0,153301505149.4
000300.XSHG,2020-05-18,3914.66,3922.91,3946.43,3898.4,11280176200.0,188528121367.6
000300.XSHG,2020-05-19,3963.78,3956.25,3966.85,3944.07,9401529100.0,159886222402.2
000300.XSHG,2020-05-20,3955.71,3935.22,3955.71,3923.92,10079115000.0,157102533276.1
000300.XSHG,2020-05-21,3950.6,3913.79,3951.74,3907.58,9486103300.0,149154142257.8
000300.XSHG,2020-05-22,3907.58,3824.06,3907.58,3818.15,10337836000.0,157286504986.3
000300.XSHG,2020-05-25,3828.32,3829.32,3835.63,3800.18,7903332600.0,127011917716.3
000300.XSHG,2020-05-26,3850.0,3872.77,3874.75,3844.48,7744807600.0,125445619316.8
000300.XSHG,2020-05-27,3873.7,3845.61,3873.7,3838.42,8371183100.0,123737501164.5
000300.XSHG,2020-05-28,3848.49,3856.63,3885.42,3818.43,9306405400.0,139108407792.3
000300.XSHG,2020-05-29,3838.38,3867.02,3872.3,3830.42,9381383200.0,135658136028.2
000300.XSHG,2020-06-01,3901.73,3971.34,3976.32,3901.73,13645665200.0,208436512945.1
000300.XSHG,2020-06-02,3969.95,3983.57,3991.78,3958.98,14430306000.0,195563304256.3
000300.XSHG,2020-06-03,4001.17,3983.65,4018.68,3982.93,13659748300.0,200882767676.9
000300.XSHG,2020-06-04,3998.16,3982.19,3999.81,3968.57,10427773700.0,149057855837.5
000300.XSHG,2020-06-05,3988.22,4001.25,4001.25,3967.93,10244394200.0,154311342981.8
000300.XSHG,2020-06-08,4023.61,4021.95,4050.22,4016.1,13792581300.0,193047518687.6
000300.XSHG,2020-06-09,4027.56,4047.03,4052.16,4016.34,11530447900.0,166533966010.0
000300.XSHG,2020-06-10,4046.23,4039.71,4046.23,4024.42,11226572800.0,166778642366.2
000300.XSHG,2020-06-11,4031.74,3995.88,4043.01,3979.75,12730894100.0,197079441861.1
000300.XSHG,2020-06-12,3931.62,4003.08,4011.06,3927.25,13416664900.0,193504046742.3
000300.XSHG,2020-06-15,3982.97,3954.99,4007.14,3954.99,13129786000.0,211125336143.8
000300.XSHG,2020-06-16,3995.58,4014.57,4014.57,3987.86,11105153900.0,185104029158.9
000300.XSHG,2020-06-17,4018.61,4017.59,4018.61,3992.13,10560579900.0,176977503611.2
000300.XSHG,2020-06-18,4009.78,4044.38,4047.56,4000.9,13814876100.0,210192918146.2
000300.XSHG,2020-06-19,4047.05,4098.71,4109.36,4043.49,15294699000.0,255549797299.6
000300.XSHG,2020-06-22,4097.51,4102.05,4126.94,4088.78,15582946500.0,259200520725.7
000300.XSHG,2020-06-23,4098.04,4121.79,4124.73,4080.75,12922951000.0,234806510834.5
000300.XSHG,2020-06-24,4128.1,4138.99,4144.68,4123.36,12171246500.0,224551430008.0
000300.XSHG,2020-06-29,4127.93,4109.72,4137.37,4092.54,13086585400.0,226522059762.9
000300.XSHG,2020-06-30,4130.0,4163.96,4174.42,4129.78,12593352100.0,227935704488.9
000300.XSHG,2020-07-01,4172.64,4247.78,4247.78,4163.5,16999045600.0,305711799761.9
000300.XSHG,2020-07-02,4239.41,4335.84,4340.1,4238.12,25293936800.0,399571526695.3
000300.XSHG,2020-07-03,4353.19,4419.6,4419.6,4348.45,29048553900.0,442335024266.1
000300.XSHG,2020-07-06,4465.81,4670.09,4678.11,4465.81,40582102500.0,597438217715.6
000300.XSHG,2020-07-07,4739.61,4698.13,4796.32,4688.06,40600855300.0,635254742706.0
000300.XSHG,2020-07-08,4692.86,4774.0,4803.36,4670.65,34807484700.0,532849825964.5
000300.XSHG,2020-07-09,4770.08,4840.77,4854.12,4757.29,35104689300.0,556718732098.9
000300.XSHG,2020-07-10,4796.09,4753.13,4821.37,4734.47,31694965100.0,510472055095.9
000300.XSHG,2020-07-13,4742.37,4852.96,4878.08,4741.87,32164544600.0,541105098721.0
000300.XSHG,2020-07-14,4836.17,4806.69,4860.44,4729.93,29724198500.0,511211048184.9
000300.XSHG,2020-07-15,4821.52,4744.47,4837.48,4723.36,27238900600.0,486748347680.4
000300.XSHG,2020-07-16,4741.53,4516.25,4772.56,4513.65,28465713300.0,511237962884.2
000300.XSHG,2020-07-17,4524.77,4544.7,4601.37,4485.82,20737556300.0,372973887045.7
000300.XSHG,2020-07-20,4597.2,4680.3,4681.94,4534.23,24606891400.0,416714222275.7
000300.XSHG,2020-07-21,4697.5,4691.04,4714.29,4661.44,20041565900.0,356069805762.6
000300.XSHG,2020-07-22,4682.66,4714.45,4790.45,4675.35,22419921100.0,386470859914.3
000300.XSHG,2020-07-23,4668.74,4712.44,4731.4,4607.66,23431456900.0,405175268660.9
000300.XSHG,2020-07-24,4679.03,4505.59,4691.7,4479.39,24390520300.0,437726712279.7
000300.XSHG,2020-07-27,4535.01,4528.45,4558.12,4482.44,17142055100.0,301893370163.2
000300.XSHG,2020-07-28,4567.67,4568.26,4590.25,4537.68,16276849800.0,292835785345.2
000300.XSHG,2020-07-29,4559.16,4679.01,4680.56,4548.85,18669530500.0,350432649160.5
000300.XSHG,2020-07-30,4689.76,4656.15,4704.63,4649.77,16696756600.0,324009242692.4
000300.XSHG,2020-07-31,4652.18,4695.05,4741.81,4621.96,18483902600.0,351119312415.0
000300.XSHG,2020-08-03,4735.9,4771.31,4771.37,4720.02,21477623900.0,401914824928.3
000300.XSHG,2020-08-04,4778.49,4775.8,4807.08,4747.77,23997498500.0,426411345935.8
000300.XSHG,2020-08-05,4761.76,4777.11,4786.7,4711.27,19670054800.0,347407839399.1
000300.XSHG,2020-08-06,4779.24,4762.76,4791.86,4691.16,22785440600.0,404323404006.9
000300.XSHG,2020-08-07,4742.29,4707.93,4749.02,4637.84,21351821600.0,397041212825.1
000300.XSHG,2020-08-10,4681.76,4724.87,4757.66,4646.29,20378883200.0,371297560017.6
000300.XSHG,2020-08-11,4730.37,4681.78,4791.53,4674.86,20554651100.0,350828586241.1
000300.XSHG,2020-08-12,4668.89,4647.64,4681.62,4566.27,20288723900.0,347298673201.7
000300.XSHG,2020-08-13,4666.49,4635.71,4671.77,4626.1,15255009200.0,250945872578.9
000300.XSHG,2020-08-14,4627.61,4704.63,4708.07,4617.63,14729292100.0,254343934256.2
000300.XSHG,2020-08-17,4727.12,4815.23,4838.09,4721.36,26800155600.0,416469154934.0
000300.XSHG,2020-08-18,4816.57,4812.76,4825.39,4788.83,18913985400.0,314395904535.5
000300.XSHG,2020-08-19,4804.67,4740.68,4809.05,4738.01,19244294800.0,319403284708.3
000300.XSHG,2020-08-20,4708.13,4679.15,4721.44,4662.8,15836863900.0,260486563515.1
000300.XSHG,2020-08-21,4717.79,4718.84,4739.48,4684.81,14265786400.0,251775160233.8
000300.XSHG,2020-08-24,4746.4,4755.85,4769.47,4716.61,15114351200.0,272428686418.6
000300.XSHG,2020-08-25,4769.21,4761.95,4802.41,4746.31,14170135100.0,262308788274.5
000300.XSHG,2020-08-26,4761.72,4706.13,4786.42,4689.88,15130518000.0,277456360643.0
000300.XSHG,2020-08-27,4718.06,4731.35,4731.94,4679.36,11904285000.0,223631511405.6
000300.XSHG,2020-08-28,4727.29,4844.27,4850.49,4719.35,15939976500.0,305047882508.6
000300.XSHG,2020-08-31,4870.93,4816.22,4901.21,4816.21,20256702900.0,357005064604.8
000300.XSHG,2020-09-01,4803.39,4842.12,4842.14,4791.78,13839540200.0,262018070577.3
000300.XSHG,2020-09-02,4859.08,4843.89,4863.55,4797.52,15798952400.0,280778613751.4
000300.XSHG,2020-09-03,4841.5,4817.1,4877.01,4800.06,14567120100.0,279411988792.3
000300.XSHG,2020-09-04,4737.24,4770.22,4778.2,4726.56,12003279600.0,238463337878.7
000300.XSHG,2020-09-07,4759.52,4669.37,4789.3,4655.56,14860779100.0,282316394067.8
000300.XSHG,2020-09-08,4683.83,4694.39,4707.9,4639.05,13919922700.0,249198138075.5
000300.XSHG,2020-09-09,4634.25,4584.59,4645.2,4558.03,16227710700.0,244905191934.1
000300.XSHG,2020-09-10,4632.1,4581.98,4647.75,4572.21,15065287800.0,226146354804.6
000300.XSHG,2020-09-11,4572.26,4627.28,4630.88,4563.11,11530242400.0,198240927301.5
000300.XSHG,2020-09-14,4652.05,4651.05,4666.99,4625.99,10723517900.0,211653411810.9
000300.XSHG,2020-09-15,4649.45,4688.48,4691.5,4630.54,10191592500.0,194573684119.3
000300.XSHG,2020-09-16,4683.01,4657.36,4690.68,4638.46,10875364100.0,196120184850.9
000300.XSHG,2020-09-17,4642.05,4632.71,4664.95,4601.64,10598363100.0,214146647269.6
000300.XSHG,2020-09-18,4636.64,4737.09,4737.8,4631.7,16042647500.0,281885944229.3
000300.XSHG,2020-09-21,4750.75,4691.43,4752.98,4688.72,12453582700.0,224137912695.2
000300.XSHG,2020-09-22,4654.22,4635.76,4706.21,4622.11,11967294700.0,202909215534.6
000300.XSHG,2020-09-23,4639.66,4652.33,4665.96,4623.55,9582652800.0,190393472276.3
000300.XSHG,2020-09-24,4623.95,4563.07,4631.95,4562.21,11259368300.0,193515873700.2
000300.XSHG,2020-09-25,4582.48,4570.02,4599.54,4554.72,9301515500.0,167457376964.1
000300.XSHG,2020-09-28,4582.65,4581.91,4613.63,4571.15,8504838900.0,159314675407.1
000300.XSHG,2020-09-29,4608.29,4591.8,4616.68,4586.35,8599385800.0,159937888502.2
000300.XSHG,2020-09-30,4607.58,4587.4,4634.72,4563.41,8908120000.0,165532220885.2
000300.XSHG,2020-10-09,4663.61,4681.14,4695.4,4655.09,11133751200.0,229926731489.9
000300.XSHG,2020-10-12,4705.19,4823.16,4823.27,4704.16,15578455800.0,307848558046.0
000300.XSHG,2020-10-13,4812.9,4839.2,4845.92,4795.37,11651633800.0,242172567248.5
000300.XSHG,2020-10-14,4830.46,4807.1,4830.46,4795.91,11190692300.0,229836207247.8
000300.XSHG,2020-10-15,4810.78,4798.74,4833.89,4796.26,10996496200.0,213878285046.5
000300.XSHG,2020-10-16,4798.92,4791.68,4825.55,4765.97,11671610200.0,204175130717.5
000300.XSHG,2020-10-19,4823.49,4755.49,4849.6,4747.34,12924636100.0,225392198224.7
000300.XSHG,2020-10-20,4751.37,4793.47,4793.47,4739.46,9804815600.0,185849198017.6
000300.XSHG,2020-10-21,4801.63,4792.83,4801.63,4758.86,10380570300.0,189978697043.6
000300.XSHG,2020-10-22,4780.6,4777.98,4791.81,4725.5,10135089100.0,194614971169.8
000300.XSHG,2020-10-23,4775.47,4718.49,4802.46,4717.1,10682518400.0,200985821991.5
000300.XSHG,2020-10-26,4684.05,4691.24,4713.39,4639.3,10834327500.0,205518988284.4
000300.XSHG,2020-10-27,4680.14,4699.28,4708.46,4671.85,9265630400.0,186675545690.4
000300.XSHG,2020-10-28,4703.0,4737.27,4753.31,4685.6,10846340200.0,226754264067.1
000300.XSHG,2020-10-29,4683.61,4772.92,4803.03,4679.25,11711725000.0,252303504992.9
000300.XSHG,2020-10-30,4776.47,4695.33,4778.51,4683.47,13980230300.0,280783321713.1
000300.XSHG,2020-11-02,4702.75,4720.83,4738.02,4695.44,14286769300.0,279027685157.1
000300.XSHG,2020-11-03,4743.17,4777.56,4793.4,4734.17,13605540800.0,252390556313.5
000300.XSHG,2020-11-04,4781.45,4813.66,4825.46,4770.56,11466180600.0,230513773046.3
000300.XSHG,2020-11-05,4861.34,4885.11,4885.11,4838.0,13924459400.0,281951932371.0
000300.XSHG,2020-11-06,4897.63,4885.72,4897.63,4845.43,15363903400.0,305365103652.9
000300.XSHG,2020-11-09,4918.86,4981.35,4997.8,4918.86,19713198400.0,371923282063.4
000300.XSHG,2020-11-10,4995.41,4953.88,4995.41,4928.93,17626721400.0,334271459963.7
000300.XSHG,2020-11-11,4937.76,4904.9,4957.58,4901.71,16447051500.0,303858557977.1
000300.XSHG,2020-11-12,4916.77,4908.46,4926.34,4891.51,11811461900.0,227645907147.2
000300.XSHG,2020-11-13,4886.98,4856.85,4886.98,4825.76,13369307900.0,255353111737.8
000300.XSHG,2020-11-16,4880.96,4904.17,4904.17,4848.62,14877098000.0,266705031671.5
000300.XSHG,2020-11-17,4903.12,4894.79,4909.29,4865.39,15148746400.0,288911408551.0
000300.XSHG,2020-11-18,4889.67,4891.67,4911.09,4870.72,16421661600.0,290727223227.2
000300.XSHG,2020-11-19,4880.92,4927.99,4939.79,4870.2,13368137800.0,247727135000.5
000300.XSHG,2020-11-20,4928.22,4943.29,4947.43,4922.59,12940034100.0,229053679195.4
000300.XSHG,2020-11-23,4954.6,5005.03,5029.65,4940.45,20591518700.0,333633826416.7
000300.XSHG,2020-11-24,4997.05,4974.29,5001.06,4960.98,15663791100.0,264804443317.7
000300.XSHG,2020-11-25,4992.75,4910.7,5004.77,4910.7,17034052700.0,277070642970.7
000300.XSHG,2020-11-26,4908.32,4919.59,4925.29,4867.82,13720233800.0,239748145475.7
000300.XSHG,2020-11-27,4930.59,4980.77,4980.77,4917.35,16295292200.0,253178971224.0
000300.XSHG,2020-11-30,4994.11,4960.25,5055.19,4960.25,26263895000.0,396495834420.8
000300.XSHG,2020-12-01,4963.13,5067.1,5072.55,4963.13,20406563800.0,328451014444.2
000300.XSHG,2020-12-02,5072.98,5067.14,5090.61,5043.31,19543547600.0,310609728842.5
000300.XSHG,2020-12-03,5065.45,5057.06,5072.3,5033.79,17786574800.0,275335207429.1
000300.XSHG,2020-12-04,5049.52,5065.92,5072.39,5017.85,14434716700.0,257798820735.3
000300.XSHG,2020-12-07,5065.73,5022.24,5067.87,5014.61,13989621700.0,264657773932.9
000300.XSHG,2020-12-08,5029.11,5009.88,5043.06,4998.92,12307302900.0,234880648439.1
000300.XSHG,2020-12-09,5022.38,4942.7,5033.64,4942.52,13891696500.0,260772774152.9
000300.XSHG,2020-12-10,4931.29,4940.52,4962.74,4919.77,12591427000.0,229651278357.4
000300.XSHG,2020-12-11,4957.82,4889.63,4957.82,4849.35,15935769700.0,275212730069.9
000300.XSHG,2020-12-14,4903.63,4934.84,4937.26,4887.66,12080155200.0,247878279710.9
000300.XSHG,2020-12-15,4931.6,4945.1,4954.19,4904.79,11834263300.0,248093390249.2
000300.XSHG,2020-12-16,4957.3,4953.87,4968.86,4938.19,10677896800.0,229696035696.9
000300.XSHG,2020-12-17,4960.73,5017.48,5021.62,4950.37,13338547900.0,270180356109.3
000300.XSHG,2020-12-18,5014.32,4999.97,5027.44,4979.01,12804961800.0,258938551535.8
000300.XSHG,2020-12-21,4995.76,5046.84,5048.51,4970.0,14081178200.0,298204296843.3
000300.XSHG,2020-12-22,5034.98,4964.77,5055.13,4960.95,16234497000.0,326758817663.3
000300.XSHG,2020-12-23,4977.3,5007.12,5028.45,4968.15,14029281900.0,308729037473.7
000300.XSHG,2020-12-24,5006.01,5000.02,5033.04,4979.24,11441866700.0,246674476188.8
000300.XSHG,2020-12-25,4985.77,5042.01,5042.1,4973.68,12100697900.0,243992268243.3
000300.XSHG,2020-12-28,5042.94,5064.41,5089.34,5037.86,13691440700.0,281019254170.5
000300.XSHG,2020-12-29,5071.45,5042.94,5077.42,5034.31,14119866200.0,279035233253.8
000300.XSHG,2020-12-30,5037.98,5113.71,5113.71,5036.63,14862644800.0,296577812603.0
000300.XSHG,2020-12-31,5122.48,5211.29,5215.62,5122.48,17160250900.0,358731371834.7
000300.XSHG,2021-01-04,5212.93,5267.72,5284.43,5190.94,21171138200.0,452796175554.0
000300.XSHG,2021-01-05,5245.84,5368.5,5368.5,5234.38,22493115900.0,498041939761.3
000300.XSHG,2021-01-06,5386.51,5417.67,5433.47,5341.43,19377344400.0,444434377137.3
000300.XSHG,2021-01-07,5428.39,5513.66,5513.66,5413.35,21987208000.0,473385353695.8
000300.XSHG,2021-01-08,5526.29,5495.43,5547.47,5442.69,20432495600.0,473567653978.6
000300.XSHG,2021-01-11,5504.24,5441.16,5555.69,5412.5,23183598300.0,522298482544.3
000300.XSHG,2021-01-12,5419.5,5596.35,5596.35,5417.63,22422018600.0,486233760739.8
000300.XSHG,2021-01-13,5609.26,5577.97,5644.72,5535.14,26156988600.0,546959736365.5
000300.XSHG,2021-01-14,5556.21,5470.46,5568.02,5458.68,24368338000.0,501890111879.0
000300.XSHG,2021-01-15,5471.39,5458.08,5500.63,5390.27,23863743500.0,475709920372.3
000300.XSHG,2021-01-18,5438.16,5518.52,5541.46,5410.78,20705186900.0,422717209153.0
000300.XSHG,2021-01-19,5525.97,5437.52,5532.48,5415.72,21104342500.0,433205176449.9
000300.XSHG,2021-01-20,5439.91,5476.43,5496.05,5426.54,17091326000.0,373770384496.4
000300.XSHG,2021-01-21,5492.96,5564.97,5593.11,5490.56,20995019700.0,453183684478.9
000300.XSHG,2021-01-22,5562.38,5569.78,5573.66,5513.88,19930002000.0,456622193435.6
000300.XSHG,2021-01-25,5564.12,5625.92,5655.48,5543.27,19704701900.0,508166980802.0
000300.XSHG,2021-01-26,5600.9,5512.97,5600.9,5506.0,17190459000.0,415008069865.0
000300.XSHG,2021-01-27,5505.77,5528.0,5534.99,5449.64,16019084100.0,376892605839.1
000300.XSHG,2021-01-28,5450.37,5377.14,5462.24,5360.38,17048558500.0,376166523177.5
000300.XSHG,2021-01-29,5413.97,5351.96,5430.2,5288.1,18217878400.0,390287690019.0
000300.XSHG,2021-02-01,5356.85,5417.65,5422.3,5342.05,16631370600.0,346859083730.0
000300.XSHG,2021-02-02,5429.7,5501.09,5503.21,5411.52,16521056500.0,380016716111.9
000300.XSHG,2021-02-03,5499.3,5485.2,5532.89,5473.12,18805431700.0,404343602637.7
000300.XSHG,2021-02-04,5453.98,5473.95,5510.05,5411.57,18057565400.0,397995205379.9
000300.XSHG,2021-02-05,5494.7,5483.41,5550.77,5477.65,18969959800.0,395400134490.2
000300.XSHG,2021-02-08,5506.14,5564.56,5576.49,5479.85,16403377500.0,367582771658.8
000300.XSHG,2021-02-09,5584.17,5686.25,5686.25,5555.05,16488726000.0,378769121171.9
000300.XSHG,2021-02-10,5709.68,5807.72,5823.42,5707.33,17016978600.0,417056463360.9
000300.XSHG,2021-02-18,5922.07,5768.38,5930.91,5747.66,21884868600.0,507481235977.7
000300.XSHG,2021-02-19,5734.02,5778.84,5787.89,5667.32,21447578000.0,456433793702.1
000300.XSHG,2021-02-22,5785.51,5597.33,5785.51,5597.33,28212438200.0,543633153216.5
000300.XSHG,2021-02-23,5542.68,5579.67,5644.76,5541.11,23380772700.0,424904470814.2
000300.XSHG,2021-02-24,5591.48,5437.57,5598.83,5379.73,22542861000.0,472369211004.2
000300.XSHG,2021-02-25,5494.47,5469.56,5527.63,5444.16,23073602800.0,412206157140.7
000300.XSHG,2021-02-26,5343.9,5336.76,5416.32,5318.86,21226454300.0,405717700127.9
000300.XSHG,2021-03-01,5389.25,5418.78,5421.56,5345.94,17746352300.0,358146545967.0
000300.XSHG,2021-03-02,5453.28,5349.63,5454.97,5305.05,19651111500.0,376444604695.3
000300.XSHG,2021-03-03,5327.35,5452.21,5452.4,5316.48,19470905400.0,337610313596.4
000300.XSHG,2021-03-04,5388.48,5280.71,5392.37,5254.78,21277521100.0,384382456961.0
000300.XSHG,2021-03-05,5191.97,5262.8,5307.82,5174.25,20262795600.0,352539774294.9
000300.XSHG,2021-03-08,5299.79,5080.02,5326.26,5079.8,23023163500.0,407133802141.7
000300.XSHG,2021-03-09,5066.15,4971.0,5094.31,4917.91,23071100400.0,414415213806.2
000300.XSHG,2021-03-10,5047.06,5003.61,5055.28,4981.62,16992849000.0,309577408714.9
000300.XSHG,2021-03-11,5024.56,5128.22,5138.41,5020.58,18960076600.0,333859199678.6
000300.XSHG,2021-03-12,5153.67,5146.38,5153.67,5086.82,20102058900.0,323237751413.4
000300.XSHG,2021-03-15,5116.12,5035.54,5120.88,4992.4,20415308400.0,330740513807.9
000300.XSHG,2021-03-16,5054.41,5079.36,5084.31,5009.95,16139005400.0,271755048563.6
000300.XSHG,2021-03-17,5062.77,5100.86,5123.55,5020.13,14916237600.0,263492417708.9
000300.XSHG,2021-03-18,5114.59,5141.77,5160.46,5111.13,14290151800.0,260930046844.7
000300.XSHG,2021-03-19,5068.53,5007.09,5089.92,4980.76,16417484900.0,282974489237.2
000300.XSHG,2021-03-22,5008.4,5057.15,5071.34,4996.54,16740263200.0,264209098943.0
000300.XSHG,2021-03-23,5057.06,5009.25,5064.02,4966.53,15801396700.0,255755377659.6
000300.XSHG,2021-03-24,4985.4,4928.69,5024.33,4919.89,15938598200.0,265970020152.0
000300.XSHG,2021-03-25,4904.07,4926.35,4950.76,4883.66,13294518900.0,219782049461.7
000300.XSHG,2021-03-26,4953.95,5037.99,5050.83,4953.95,14592669700.0,273901922431.3
000300.XSHG,2021-03-29,5052.26,5046.88,5086.65,5010.39,14338821500.0,266176599970.5
000300.XSHG,2021-03-30,5043.1,5094.73,5106.04,5032.8,13861856000.0,254928014461.3
000300.XSHG,2021-03-31,5085.95,5048.36,5085.95,5015.61,14133574300.0,241058485554.4
000300.XSHG,2021-04-01,5059.94,5110.78,5115.43,5056.87,12032489000.0,211493324391.1
000300.XSHG,2021-04-02,5129.85,5161.56,5169.83,5116.35,12700225400.0,248060376224.1
000300.XSHG,2021-04-06,5178.64,5140.34,5181.15,5125.33,10983421000.0,213852444065.4
000300.XSHG,2021-04-07,5141.66,5103.74,5141.66,5065.19,14576374800.0,246271190296.5
000300.XSHG,2021-04-08,5078.26,5112.21,5129.13,5062.07,14177104700.0,228422004674.7
000300.XSHG,2021-04-09,5100.04,5035.34,5100.04,5022.09,12841650900.0,221519791677.6
000300.XSHG,2021-04-12,5026.98,4947.75,5045.6,4933.01,15264431400.0,267218195772.7
000300.XSHG,2021-04-13,4949.81,4939.64,4994.54,4924.2,13291935800.0,225753230649.2
000300.XSHG,2021-04-14,4945.69,4980.63,4987.12,4940.27,12086083800.0,221036276090.0
000300.XSHG,2021-04-15,4969.91,4948.97,4969.91,4900.3,10882938400.0,213820884103.5
000300.XSHG,2021-04-16,4966.9,4966.18,4979.17,4917.96,11123992400.0,213389173713.5
000300.XSHG,2021-04-19,4966.41,5087.02,5088.21,4940.75,15476982400.0,307899776737.5
000300.XSHG,2021-04-20,5065.78,5083.37,5119.86,5058.92,13654170000.0,276640588159.1
000300.XSHG,2021-04-21,5055.24,5098.74,5110.56,5047.99,12463727700.0,242574995256.0
000300.XSHG,2021-04-22,5114.28,5089.24,5119.22,5067.14,12116764500.0,241488845756.1
000300.XSHG,2021-04-23,5088.83,5135.45,5149.98,5086.49,12205699100.0,264345183118.9
000300.XSHG,2021-04-26,5156.59,5077.24,5181.11,5072.96,15138196700.0,325760384278.3
000300.XSHG,2021-04-27,5076.64,5090.52,5095.98,5042.61,12396183700.0,254738009833.6
000300.XSHG,2021-04-28,5073.97,5119.24,5119.45,5059.26,12062031800.0,272182521893.2
000300.XSHG,2021-04-29,5128.28,5164.17,5170.59,5113.65,14009248000.0,294112454366.3
000300.XSHG,2021-04-30,5156.36,5123.49,5163.25,5094.93,16012162100.0,315075102884.9
000300.XSHG,2021-05-06,5098.8,5061.12,5132.9,5037.41,15882263000.0,323258264641.5
000300.XSHG,2021-05-07,5073.46,4996.05,5093.75,4996.04,17225832100.0,304638402155.0
000300.XSHG,2021-05-10,5001.44,4992.42,5019.39,4953.7,17082058500.0,282656808853.4
000300.XSHG,2021-05-11,4956.08,5023.06,5033.49,4925.92,15152649700.0,270931616512.9
000300.XSHG,2021-05-12,5003.82,5044.55,5051.17,4995.4,12661908600.0,228344006493.0
000300.XSHG,2021-05-13,4992.35,4992.97,5022.08,4975.45,13227940600.0,237821404345.3
000300.XSHG,2021-05-14,5007.63,5110.59,5112.98,4981.29,15942618000.0,318802786822.9
000300.XSHG,2021-05-17,5115.31,5184.99,5206.69,5115.31,15388963400.0,335439913424.1
000300.XSHG,2021-05-18,5190.93,5187.6,5201.67,5156.79,11840426100.0,238182265921.9
000300.XSHG,2021-05-19,5173.17,5172.27,5193.56,5151.64,11872998300.0,250736278155.8
000300.XSHG,2021-05-20,5167.05,5186.41,5201.59,5152.04,13845477500.0,277088462047.3
000300.XSHG,2021-05-21,5199.13,5134.15,5216.16,5123.12,12476848500.0,268053627530.6
000300.XSHG,2021-05-24,5138.81,5155.59,5155.59,5092.39,12674233600.0,278513133226.0
000300.XSHG,2021-05-25,5165.04,5318.48,5324.36,5161.52,18299683900.0,404683305641.1
000300.XSHG,2021-05-26,5326.12,5320.59,5344.28,5308.74,16960709600.0,346444644792.8
000300.XSHG,2021-05-27,5311.37,5338.23,5378.48,5286.05,14846285500.0,311893705935.1
000300.XSHG,2021-05-28,5338.73,5321.09,5360.28,5288.65,16460580600.0,330711896344.2
000300.XSHG,2021-05-31,5318.08,5331.57,5331.63,5281.69,14460326900.0,321450798233.5
000300.XSHG,2021-06-01,5320.47,5341.68,5343.75,5269.26,14383147400.0,321845842153.4
000300.XSHG,2021-06-02,5348.34,5289.97,5352.64,5266.79,13775431900.0,296176177153.5
000300.XSHG,2021-06-03,5285.71,5255.29,5314.37,5255.07,14196887800.0,285448632488.9
000300.XSHG,2021-06-04,5228.28,5282.28,5334.49,5221.23,14473208700.0,292326048775.5
000300.XSHG,2021-06-07,5284.89,5277.63,5286.84,5242.95,12770497100.0,280463260583.2
000300.XSHG,2021-06-08,5276.97,5232.12,5319.04,5201.14,13055953200.0,304042218266.2
000300.XSHG,2021-06-09,5224.95,5236.45,5253.36,5215.35,12182032100.0,255075448703.0
000300.XSHG,2021-06-10,5236.47,5271.47,5299.53,5229.52,13899196700.0,301454334609.8
000300.XSHG,2021-06-11,5275.75,5224.7,5276.1,5213.6,18080717300.0,365363494541.8
000300.XSHG,2021-06-15,5218.56,5166.56,5225.5,5137.41,14288005800.0,330616618621.5
000300.XSHG,2021-06-16,5163.25,5080.49,5164.52,5076.02,12514798500.0,298286772933.4
000300.XSHG,2021-06-17,5074.38,5101.89,5123.37,5073.82,12045251800.0,281927280723.3
000300.XSHG,2021-06-18,5104.93,5102.47,5128.03,5064.92,14858580500.0,356697096115.9
000300.XSHG,2021-06-21,5088.09,5090.39,5123.78,5058.57,13218451600.0,331527114639.0
000300.XSHG,2021-06-22,5106.07,5122.16,5125.82,5086.28,13041675300.0,313690367125.4
000300.XSHG,2021-06-23,5127.19,5147.39,5171.03,5109.76,13635605800.0,358765666329.7
000300.XSHG,2021-06-24,5156.56,5155.97,5160.43,5120.58,12668562500.0,312607422609.3
000300.XSHG,2021-06-25,5159.8,5239.97,5251.61,5157.48,15493106100.0,368265641241.1
000300.XSHG,2021-06-28,5253.61,5251.76,5260.64,5226.22,13319378300.0,337452771675.6
000300.XSHG,2021-06-29,5248.52,5190.54,5248.52,5182.68,12516299700.0,314896843024.3
000300.XSHG,2021-06-30,5189.38,5224.04,5231.43,5186.63,10375267100.0,281015504940.5
000300.XSHG,2021-07-01,5241.2,5229.66,5252.26,5190.88,12724062000.0,324097400267.5
000300.XSHG,2021-07-02,5186.66,5081.12,5186.66,5074.36,13042642400.0,342578961248.3
000300.XSHG,2021-07-05,5073.78,5085.79,5098.23,5048.0,13121158900.0,335197786629.8
000300.XSHG,2021-07-06,5089.78,5083.1,5092.21,5028.51,14065522000.0,362828901848.9
000300.XSHG,2021-07-07,5052.42,5140.49,5152.77,5045.41,14854906000.0,336731403375.7
000300.XSHG,2021-07-08,5149.31,5088.26,5151.22,5078.93,17390100800.0,397879869879.7
000300.XSHG,2021-07-09,5063.15,5069.44,5081.41,5006.41,16065322600.0,352845583768.9
000300.XSHG,2021-07-12,5108.38,5132.71,5159.41,5070.32,20621203900.0,437203145943.3
000300.XSHG,2021-07-13,5128.61,5142.1,5154.05,5114.94,16648220900.0,361328491653.3
000300.XSHG,2021-07-14,5130.75,5083.08,5130.75,5075.13,18835272000.0,372568110291.6
000300.XSHG,2021-07-15,5073.26,5151.46,5153.81,5067.68,18107710300.0,372484081122.6
000300.XSHG,2021-07-16,5140.9,5094.77,5140.9,5090.63,16995598200.0,362594258079.0
000300.XSHG,2021-07-19,5083.73,5113.49,5120.82,5047.62,15319958900.0,340322623792.1
000300.XSHG,2021-07-20,5080.22,5108.99,5114.0,5067.86,12930004400.0,283543130755.2
000300.XSHG,2021-07-21,5122.78,5144.04,5160.54,5122.3,16797646900.0,390275519305.4
000300.XSHG,2021-07-22,5150.39,5151.75,5171.21,5137.88,18555686400.0,418221654806.0
000300.XSHG,2021-07-23,5145.43,5089.23,5145.43,5080.0,21653684700.0,435521169695.0
000300.XSHG,2021-07-26,5067.31,4925.3,5067.31,4859.6,22811171000.0,495153655116.7
000300.XSHG,2021-07-27,4924.28,4751.31,4940.86,4749.03,23663122500.0,521146117041.1
000300.XSHG,2021-07-28,4714.29,4760.48,4785.66,4663.9,19263439300.0,419706155162.8
000300.XSHG,2021-07-29,4845.76,4850.27,4857.97,4800.01,17332205400.0,415676120877.6
000300.XSHG,2021-07-30,4825.7,4811.17,4825.7,4761.04,18234977600.0,420943935061.8
000300.XSHG,2021-08-02,4794.82,4933.74,4938.82,4761.46,22719491800.0,524659449295.5
000300.XSHG,2021-08-03,4909.23,4934.46,4957.03,4890.85,20353336000.0,471194128401.9
000300.XSHG,2021-08-04,4927.74,4978.85,4979.29,4919.66,17546646100.0,425801406611.8
000300.XSHG,2021-08-05,4946.17,4948.67,4997.14,4921.94,16738182900.0,398772206808.2
000300.XSHG,2021-08-06,4943.04,4921.56,4944.35,4891.8,15417968800.0,371773603785.1
